year,week,date,ryaay,avg_rating,avg_sentiment,lockdown,war,quarter,dln_ryaay,d_avg_rating,d_avg_sentiment,weekly_rating_sent_only_logpred,weekly_rating_sent_only_levelpred,weekly_time_dummies_logpred,weekly_time_dummies_levelpred
2018.0,1.0,2018-01-05 14:30:00,43.473388671875,0.29090909090909095,0.4469409090909091,0,0,1.0,,,,,,,
2018.0,2.0,2018-01-12 14:30:00,46.19447708129883,0.3384615384615385,0.3827615384615385,0,0,1.0,0.060711251020085566,0.04755244755244753,-0.06417937062937062,0.004297113351515276,43.473388671875,-0.001269687764474242,43.473388671875
2018.0,3.0,2018-01-19 14:30:00,48.33933639526367,0.3625,0.297759375,0,0,1.0,0.04538540007449576,0.02403846153846151,-0.0850021634615385,0.0057366163323225175,43.72349552097721,-0.0006373365598540959,43.44569031941759
2018.0,4.0,2018-01-26 14:30:00,48.899559020996094,0.23636363636363636,0.42878181818181815,0,0,1.0,0.011522731143182696,-0.12613636363636363,0.13102244318181816,-0.00767284332582407,43.38929576098339,-0.011559025629239331,42.946391733417514
2018.0,5.0,2018-02-02 14:30:00,48.18327331542969,0.24444444444444446,0.5683555555555555,0,0,1.0,-0.014756444286588177,0.008080808080808105,0.13957373737373735,-0.004455399203610213,43.19640913972992,-0.011804442365423478,42.44241396785334
2018.0,6.0,2018-02-09 14:30:00,46.294517517089844,0.2923076923076923,0.3761538461538461,0,0,1.0,-0.03998839225500728,0.04786324786324786,-0.1922017094017094,0.015234849267009104,43.85953843325438,0.008092294327315421,42.78726390536018
2018.0,7.0,2018-02-16 14:30:00,49.895957946777344,0.225,0.285725,0,0,1.0,0.07491645448292417,-0.06730769230769232,-0.09042884615384611,0.004110619184145514,44.04019935307889,-0.0009977969860415934,42.74459219478687
2018.0,8.0,2018-02-23 14:30:00,48.75149917602539,0.2,0.13385625,0,0,1.0,-0.02320404710621382,-0.024999999999999994,-0.15186875,0.010453320434202648,44.502980253351815,0.0033943142098625282,42.88992728841692
2018.0,9.0,2018-03-02 14:30:00,47.44297790527344,0.37142857142857144,0.25594285714285714,0,0,1.0,-0.027207424546762393,0.17142857142857143,0.12208660714285713,-0.0017632610581428463,44.424579022531425,-0.0050866895732710835,42.67231347864804
2018.0,10.0,2018-03-09 14:30:00,49.539817810058594,0.29411764705882354,0.3700764705882353,0,0,1.0,0.043248221668422016,-0.0773109243697479,0.11413361344537815,-0.006081340499200859,44.15523783876611,-0.011141825802927894,42.199504862089064
2018.0,11.0,2018-03-16 13:30:00,50.0200080871582,0.2888888888888889,0.4326777777777778,0,0,1.0,0.00964634070655368,-0.005228758169934622,0.06260130718954249,-0.0032166845486101135,44.01343256116491,-0.0096957815555503,41.792324835339876
2018.0,12.0,2018-03-23 13:30:00,49.49579620361328,0.3058823529411765,0.37793529411764704,0,0,1.0,-0.010535346339184848,0.016993464052287577,-0.054742483660130736,0.003050900318990208,44.147918203434145,-0.003113573426192411,41.6624037277261
2018.0,13.0,2018-03-29 13:30:00,49.159664154052734,0.3125,0.35840625,0,0,1.0,-0.006814287805629871,0.006617647058823506,-0.019529044117647054,-0.00010586281518401575,44.14324482790133,-0.006077466115354733,41.409969737281074
2018.0,14.0,2018-04-06 13:30:00,48.92356872558594,0.3285714285714286,0.38869642857142855,0,0,2.0,-0.004814194588070642,0.016071428571428625,0.030290178571428572,-0.0022240191747268144,44.04517849609239,-0.010349259512359139,40.983617235855625
2018.0,15.0,2018-04-13 13:30:00,48.56742858886719,0.32,0.3847333333333333,0,0,2.0,-0.007306145813479326,-0.008571428571428619,-0.003963095238095238,-0.0017525378825555813,43.96805525267654,-0.009702448391883993,40.58789862871905
2018.0,16.0,2018-04-20 13:30:00,45.84233856201172,0.2625,0.365621875,0,0,2.0,-0.05774502572567064,-0.057499999999999996,-0.01911145833333333,-0.0017259751750104385,43.89223293336019,-0.008485959182342297,40.24492865042316
2018.0,17.0,2018-04-27 13:30:00,44.053619384765625,0.3692307692307692,0.5059538461538462,0,0,2.0,-0.039800572474189,0.10673076923076918,0.1403319711538462,-0.003048740112471377,43.75862070016949,-0.010358028903322308,39.83022199578122
2018.0,18.0,2018-05-04 13:30:00,45.298118591308594,0.21666666666666667,0.4235666666666667,0,0,2.0,0.027857985044081435,-0.15256410256410252,-0.0823871794871795,0.0012159277240922526,43.811860381489645,-0.00365061282688747,39.68508236195942
2018.0,19.0,2018-05-11 13:30:00,44.61784744262695,0.3466666666666667,0.41024,0,0,2.0,-0.015131553570157497,0.13,-0.013326666666666709,0.001142131658786817,43.86192788065702,-0.004125886935353163,39.5216835134949
2018.0,20.0,2018-05-18 13:30:00,44.78591537475586,0.2545454545454546,0.3492090909090909,0,0,2.0,0.003759755178376345,-0.0921212121212121,-0.06103090909090908,0.0009573939604957766,43.90394113391401,-0.005346415620274104,39.310948009189346
2018.0,21.0,2018-05-25 13:30:00,48.299320220947266,0.4,0.35633499999999996,0,0,2.0,0.07552378542498683,0.14545454545454545,0.007125909090909044,8.869512278235868e-05,43.90783537206093,-0.004737663876253812,39.12514643111057
2018.0,22.0,2018-06-01 13:30:00,47.302921295166016,0.24761904761904763,0.34605714285714284,0,0,2.0,-0.020845431871092224,-0.1523809523809524,-0.010277857142857116,-0.004937549878891603,43.691572588340875,-0.008917600993255037,38.77779505878979
2018.0,23.0,2018-06-08 13:30:00,46.814727783203125,0.30370370370370375,0.374437037037037,0,0,2.0,-0.010374204948503163,0.056084656084656126,0.028379894179894172,-0.0016105190074483368,43.621263112792654,-0.00877776540019291,38.43890220794538
2018.0,24.0,2018-06-15 13:30:00,46.678672790527344,0.23478260869565218,0.3025369565217391,0,0,2.0,-0.002910474704798105,-0.06892109500805157,-0.07190008051529789,0.0024864578438291186,43.72986050007988,-0.004604786615815901,38.26230617111096
2018.0,25.0,2018-06-22 13:30:00,46.986793518066406,0.22608695652173913,0.26198695652173914,0,0,2.0,0.006579198313326984,-0.008695652173913049,-0.040549999999999975,0.0013688096327152573,43.78975934007187,-0.007030007894131285,37.99426512591626
2018.0,26.0,2018-06-29 13:30:00,45.71028518676758,0.25333333333333335,0.29614999999999997,0,0,2.0,-0.027543241878307256,0.027246376811594225,0.034163043478260824,-0.002138008422756319,43.69623647773106,-0.010047888369230809,37.614414535232356
2018.0,27.0,2018-07-06 13:30:00,45.59023666381836,0.23157894736842108,0.10664736842105263,0,0,3.0,-0.0026297460233419834,-0.021754385964912276,-0.18950263157894734,0.013751351202463269,44.301269246547875,0.00570160953953635,37.829489794901775
2018.0,28.0,2018-07-13 13:30:00,46.21848678588867,0.3,0.29251666666666665,0,0,3.0,0.013686279584688155,0.06842105263157891,0.18586929824561402,-0.00448252414065604,44.10313214661964,-0.011403381881251316,37.40055597258621
2018.0,29.0,2018-07-20 13:30:00,46.69868087768555,0.2416666666666667,0.30212916666666667,0,0,3.0,0.010336052614415614,-0.05833333333333329,0.009612500000000024,-0.0035658412616060256,43.94614743586597,-0.008356577901264142,37.08931756824472
2018.0,30.0,2018-07-27 13:30:00,43.21728515625,0.2571428571428572,0.29184464285714284,0,0,3.0,-0.07747538296410372,0.015476190476190477,-0.010284523809523827,-0.0007677223870867561,43.91242194221796,-0.00685196233789433,36.83605163633163
2018.0,31.0,2018-08-03 13:30:00,40.18407440185547,0.2727272727272727,0.3488121212121212,0,0,3.0,-0.07276977660591832,0.015584415584415534,0.05696747835497834,-0.0027476359749855133,43.791932198720836,-0.009376903815229105,36.492257902631145
2018.0,32.0,2018-08-10 13:30:00,38.723487854003906,0.3,0.33653,0,0,3.0,-0.03702442074979517,0.027272727272727282,-0.012282121212121189,-0.0004271615030126421,43.77322996586433,-0.006260340611187143,36.26451754838059
2018.0,33.0,2018-08-17 13:30:00,39.33573532104492,0.2947368421052632,0.3342,0,0,3.0,0.015687064191618916,-0.005263157894736803,-0.0023299999999999987,-0.0018063303546393423,43.69423242116747,-0.008005842949762768,35.97534858139362
2018.0,34.0,2018-08-24 13:30:00,39.86394500732422,0.22400000000000003,0.378816,0,0,3.0,0.013338880053727742,-0.07073684210526315,0.04461599999999999,-0.004564895476176927,43.49522738143249,-0.009421083350020835,35.638013350588345
2018.0,35.0,2018-08-31 13:30:00,40.764305114746094,0.3,0.39868571428571425,0,0,3.0,0.022334542374432775,0.07599999999999996,0.01986971428571427,-0.001158782316772012,43.4448550719862,-0.005936357358255869,35.42708007489889
2018.0,36.0,2018-09-07 13:30:00,38.38335418701172,0.23750000000000002,0.175390625,0,0,3.0,-0.060182942946579665,-0.06249999999999997,-0.22329508928571426,0.015582059199543852,44.12711709483691,0.008261373021702292,35.72096868870353
2018.0,37.0,2018-09-14 13:30:00,38.40736389160156,0.26,0.29234,0,0,3.0,0.0006253283202184434,0.022499999999999992,0.116949375,-0.003809532717624282,43.95933319058023,-0.010987569376249364,35.33063042841942
2018.0,38.0,2018-09-21 13:30:00,39.38375473022461,0.3466666666666667,0.24425,0,0,3.0,0.025104205567305637,0.08666666666666667,-0.048089999999999994,0.003486617307245714,44.11287006912728,-0.0014009114891868875,35.28116999526562
2018.0,39.0,2018-09-28 13:30:00,38.431373596191406,0.24444444444444446,0.30088333333333334,0,0,3.0,-0.024479268038235524,-0.10222222222222221,0.05663333333333334,-0.005612999534301685,43.865958156459996,-0.009725273008843167,34.93971405238704
2018.0,40.0,2018-10-05 13:30:00,33.04121780395508,0.21111111111111114,0.36240555555555554,0,0,4.0,-0.1511183403013372,-0.033333333333333326,0.0615222222222222,-0.003923625162660298,43.694181792657126,0.0009017230971922674,34.97123420864806
2018.0,41.0,2018-10-12 13:30:00,31.708683013916016,0.29090909090909095,0.47896818181818185,0,0,4.0,-0.04116525095966006,0.07979797979797981,0.11656262626262631,-0.0029764979095708213,43.564319515166275,0.0021240779496964667,35.04559478197363
2018.0,42.0,2018-10-19 13:30:00,32.85314178466797,0.2956521739130435,0.23325217391304348,0,0,4.0,0.035456825195046004,0.004743083003952542,-0.24571600790513837,0.01918376065664446,44.40811469893988,0.020872072623016387,35.784756061297
2018.0,43.0,2018-10-26 13:30:00,32.88115310668945,0.21904761904761907,0.26626190476190476,0,0,4.0,0.000852259045701409,-0.07660455486542442,0.033009730848861274,-0.004492101470131777,44.209076326596595,0.0018889471943110206,35.852415458254036
2018.0,44.0,2018-11-02 13:30:00,34.177669525146484,0.35000000000000003,0.39278124999999997,0,0,4.0,0.038672853222761816,0.13095238095238096,0.12651934523809522,-0.0024322783175235495,44.101678212808494,0.0037461790712583496,35.986976914986315
2018.0,45.0,2018-11-09 14:30:00,35.27010726928711,0.2,0.21398999999999999,0,0,4.0,0.03146329266749026,-0.15000000000000002,-0.17879124999999998,0.009515352165854933,44.52332408521016,0.01614251596324316,36.572611353908094
2018.0,46.0,2018-11-16 14:30:00,32.00880432128906,0.2,0.41900714285714286,0,0,4.0,-0.09702478562077088,0.0,0.20501714285714287,-0.00583912387627669,44.26410442486236,-0.0036516068429282575,36.439306093352144
2018.0,47.0,2018-11-23 14:30:00,33.4933967590332,0.3111111111111111,0.39111666666666667,0,0,4.0,0.045337307734005794,0.1111111111111111,-0.027890476190476188,0.0021137482157395967,44.35776655081453,0.008982022019024385,36.76807905567666
2018.0,48.0,2018-11-30 14:30:00,32.9451789855957,0.3230769230769231,0.3631346153846154,0,0,4.0,-0.016503370519588056,0.011965811965811979,-0.02798205128205128,0.0006930899200375319,44.38852112829897,0.005242563385510282,36.961344200426296
2018.0,49.0,2018-12-07 14:30:00,30.244098663330078,0.28421052631578947,0.36545263157894736,0,0,4.0,-0.08554385727627567,-0.038866396761133626,0.0023180161943319733,-0.0029204411800005303,44.25907617346761,0.002761871240671397,37.06356777318333
2018.0,50.0,2018-12-14 14:30:00,29.051620483398438,0.2555555555555556,0.27345,0,0,4.0,-0.04022681563226893,-0.028654970760233878,-0.09200263157894734,0.005246029261418828,44.491870671640534,0.009530736727718894,37.41849957391396
2018.0,51.0,2018-12-21 14:30:00,27.751100540161133,0.25263157894736843,0.27958684210526313,0,0,4.0,-0.04579876579223097,-0.002923976608187162,0.006136842105263107,-0.002063574831924637,44.40015303275,0.0025618018162149704,37.514481244599
2018.0,52.0,2018-12-28 14:30:00,28.567426681518555,0.23636363636363636,0.18705454545454545,0,0,4.0,0.028991643024746327,-0.01626794258373207,-0.09253229665071769,0.005612055733044206,44.650029671110666,0.009541544408106176,37.87414045687177
2019.0,1.0,2019-01-04 14:30:00,29.13965606689453,0.3047619047619048,0.2815809523809524,0,0,1.0,0.01983285637840737,0.06839826839826843,0.09452640692640693,-0.0027140177343141676,44.52901299373287,-0.008119506533589293,37.56786620649433
2019.0,2.0,2019-01-11 14:30:00,28.903560638427734,0.2,0.22101153846153845,0,0,1.0,-0.008135204902958382,-0.10476190476190478,-0.06056941391941392,0.0005906200153417834,44.55532048817203,-0.003094319794948482,37.45179888175809
2019.0,3.0,2019-01-18 14:30:00,26.310523986816406,0.24285714285714288,0.15050357142857143,0,0,1.0,-0.09399578227674299,0.04285714285714287,-0.07050796703296702,0.004769933269341778,44.76835406775793,-0.0009848817704476943,37.414931445781875
2019.0,4.0,2019-01-25 14:30:00,27.995197296142578,0.3666666666666667,0.425475,0,0,1.0,0.062063959590919815,0.12380952380952381,0.27497142857142853,-0.005409933553575057,44.5268141933869,-0.011657308932385603,36.98130639237287
2019.0,5.0,2019-02-01 14:30:00,28.59543800354004,0.3,0.314771875,0,0,1.0,0.021214224411622684,-0.06666666666666671,-0.11070312500000001,0.0058586673131229925,44.78844764758418,0.0004815124847042341,36.999117640926606
2019.0,6.0,2019-02-08 14:30:00,28.447378158569336,0.34545454545454546,0.29313636363636364,0,0,1.0,-0.005191194524793996,0.04545454545454547,-0.02163551136363634,0.0006335914236233033,44.816834215684516,-0.004456188786233854,36.83460939991239
2019.0,7.0,2019-02-15 14:30:00,28.9395751953125,0.2857142857142857,0.3715285714285714,0,0,1.0,0.017154042076008125,-0.05974025974025976,0.07839220779220774,-0.004934180741799908,44.5962445176511,-0.010065919810923994,36.46569502164662
2019.0,8.0,2019-02-22 14:30:00,29.455781936645508,0.24705882352941178,0.3039382352941176,0,0,1.0,0.017680179155251885,-0.03865546218487392,-0.06759033613445375,0.002902203355376964,44.72585988222359,-0.002730311928060689,36.36626809459213
2019.0,9.0,2019-03-01 14:30:00,31.080432891845703,0.34545454545454546,0.35058181818181816,0,0,1.0,0.05368823226810404,0.09839572192513368,0.04664358288770054,-0.0013545762187002755,44.66531631076475,-0.005491701820812319,36.16710277270981
2019.0,10.0,2019-03-08 14:30:00,29.311725616455078,0.4,0.5229409090909091,0,0,1.0,-0.05859082605594024,0.054545454545454564,0.1723590909090909,-0.004420820694364842,44.468294775414776,-0.01107199662330656,35.76886942034958
2019.0,11.0,2019-03-15 13:30:00,30.46818733215332,0.30000000000000004,0.3613472222222222,0,0,1.0,0.03869547332475465,-0.09999999999999998,-0.16159368686868686,0.009341532639880197,44.885643104055525,0.004273371694657465,35.92205016048821
2019.0,12.0,2019-03-22 13:30:00,28.59543800354004,0.2,0.223115,0,0,1.0,-0.06343590624338447,-0.10000000000000003,-0.1382322222222222,0.007346436151730966,45.216606828673136,0.002567143917851825,36.01438570167661
2019.0,13.0,2019-03-29 13:30:00,29.987995147705078,0.20000000000000004,0.4087458333333333,0,0,1.0,0.04754994509597266,2.7755575615628914e-17,0.1856308333333333,-0.005463712324167651,44.97022997571652,-0.013547160599808306,35.52978294177373
2019.0,14.0,2019-04-05 13:30:00,29.58783531188965,0.30000000000000004,0.31182045454545454,0,0,2.0,-0.01343383216680083,0.1,-0.09692537878787877,0.007849321733958251,45.32460476062457,0.0008462956636939665,35.559864370105124
2019.0,15.0,2019-04-12 13:30:00,30.832332611083984,0.3333333333333333,0.28367333333333333,0,0,2.0,0.04120059180071678,0.03333333333333327,-0.028147121212121207,0.0010150489210588184,45.37063480920767,-0.006695953554086989,35.32255257095699
2019.0,16.0,2019-04-18 13:30:00,33.305320739746094,0.36,0.40001499999999995,0,0,2.0,0.07715326673014378,0.026666666666666672,0.11634166666666662,-0.003737731523649657,45.20136809107105,-0.012634493854959352,34.8790774388021
2019.0,17.0,2019-04-26 13:30:00,31.284513473510742,0.31200000000000006,0.311976,0,0,2.0,-0.06259396829762753,-0.04799999999999993,-0.08803899999999998,0.004406543531005398,45.40098938417004,-0.0034731474011302013,34.75814738715143
2019.0,18.0,2019-05-03 13:30:00,30.372148513793945,0.2947368421052632,0.2924052631578947,0,0,2.0,-0.02959717673435902,-0.01726315789473687,-0.019570736842105252,-0.0006447206116647782,45.37172786429017,-0.008542968097447238,34.46247440356875
2019.0,19.0,2019-05-10 13:30:00,28.779512405395508,0.35454545454545455,0.32235227272727274,0,0,2.0,-0.053862261982868365,0.05980861244019137,0.029947009569378014,-0.0015872113298043083,45.299770464677636,-0.008685965787090362,34.16443080207119
2019.0,20.0,2019-05-17 13:30:00,27.651060104370117,0.23750000000000002,0.421775,0,0,2.0,-0.039999691826855255,-0.11704545454545454,0.09942272727272727,-0.006825490516957716,44.99163011176416,-0.01285064720818809,33.72820465209424
2019.0,21.0,2019-05-24 13:30:00,27.931171417236328,0.37777777777777777,0.3645027777777778,0,0,2.0,0.010079252905139668,0.14027777777777775,-0.057272222222222224,0.005043215202334241,45.21910570677638,-0.0005279398332361952,33.71040288889828
2019.0,22.0,2019-05-31 13:30:00,26.098438262939453,0.2857142857142857,0.3922333333333333,0,0,2.0,-0.06786784439102833,-0.09206349206349207,0.027730555555555536,-0.004790218486127993,45.00301428645789,-0.010669437728222304,33.352643782577765
2019.0,23.0,2019-06-07 13:30:00,26.546619415283203,0.28,0.25294500000000003,0,0,2.0,0.0170269347203309,-0.005714285714285672,-0.1392883333333333,0.009878388929090457,45.449774567472524,0.00017473481587166814,33.35847215984333
2019.0,24.0,2019-06-14 13:30:00,26.12244987487793,0.3032258064516129,0.41959193548387097,0,0,2.0,-0.01610731751400074,0.023225806451612874,0.16664693548387094,-0.004761457500231672,45.23388178750647,-0.014334475032900347,32.88370685863556
2019.0,25.0,2019-06-21 13:30:00,24.8619441986084,0.35789473684210527,0.37986315789473685,0,0,2.0,-0.049456804153702016,0.054668930390492365,-0.03972877758913412,0.0023115378350740895,45.338562556854114,-0.005043922769032103,32.7182615782493
2019.0,26.0,2019-06-28 13:30:00,25.66626739501953,0.23809523809523808,0.3005785714285714,0,0,2.0,0.03183928810437342,-0.11979949874686718,-0.07928458646616543,0.001799482356420668,45.420221950524365,-0.003950950338939606,32.589248381768094
2019.0,27.0,2019-07-05 13:30:00,27.0748291015625,0.28,0.40293999999999996,0,0,3.0,0.05342690380243598,0.041904761904761945,0.10236142857142855,-0.003247457867926084,45.272960934777956,-0.009799098605166407,32.27146267302756
2019.0,28.0,2019-07-12 13:30:00,25.47018814086914,0.25,0.32592625000000003,0,0,3.0,-0.06109580510112034,-0.030000000000000027,-0.07701374999999994,0.003931128361233575,45.451285033318065,-0.002495570962532767,32.191027355628606
2019.0,29.0,2019-07-19 13:30:00,25.734294891357422,0.21428571428571427,0.2784785714285714,0,0,3.0,0.010315858181285886,-0.035714285714285726,-0.04744767857142862,0.0012581657414348284,45.50850627240418,-0.004642098392586221,32.0419397466852
2019.0,30.0,2019-07-26 13:30:00,25.46218490600586,0.2666666666666667,0.3182190476190476,0,0,3.0,-0.010630127258117739,0.052380952380952445,0.039740476190476215,-0.0018838768577161243,45.42285455458432,-0.007448933110434887,31.804148226865557
2019.0,31.0,2019-08-02 13:30:00,24.53781509399414,0.29333333333333333,0.33610999999999996,0,0,3.0,-0.036979005806466514,0.026666666666666616,0.01789095238095234,-0.0018312554400582398,45.33974982130001,-0.007738633479065518,31.558977447557105
2019.0,32.0,2019-08-09 13:30:00,24.00960350036621,0.3333333333333333,0.3680925925925926,0,0,3.0,-0.021761504684857158,0.03999999999999998,0.03198259259259262,-0.001912031118767544,45.25314163388492,-0.00767462539173965,31.317701154743165
2019.0,33.0,2019-08-16 13:30:00,23.19727897644043,0.33913043478260874,0.30535869565217394,0,0,3.0,-0.03441890986401264,0.005797101449275421,-0.06273389694041864,0.0035720599363060898,45.415077618441984,-0.003386988965594302,31.211807877416444
2019.0,34.0,2019-08-23 13:30:00,22.757102966308594,0.2888888888888889,0.26369305555555556,0,0,3.0,-0.01915767132927737,-0.05024154589371982,-0.041665640096618384,0.00038815386612386146,45.43270907803813,-0.005031701802390671,31.05515381623889
2019.0,35.0,2019-08-30 13:30:00,22.92917251586914,0.28125,0.4257796875,0,0,3.0,0.007532693850268224,-0.007638888888888917,0.16208663194444445,-0.005205611874538498,45.196818538154474,-0.013229209905109684,30.647024235991484
2019.0,36.0,2019-09-06 13:30:00,23.86554527282715,0.23428571428571432,0.21291285714285715,0,0,3.0,0.040025789602709416,-0.04696428571428568,-0.21286683035714285,0.01509380904954277,45.88418512705508,0.007464771737932237,30.876653274240418
2019.0,37.0,2019-09-13 13:30:00,25.382152557373047,0.2538461538461539,0.3281230769230769,0,0,3.0,0.06161047340585135,0.01956043956043957,0.11521021978021975,-0.0038182073578926063,45.70932383456643,-0.011044361882580876,30.537516563297533
2019.0,38.0,2019-09-20 13:30:00,25.198078155517578,0.2742857142857143,0.35049,0,0,3.0,-0.007278543885858024,0.02043956043956041,0.022366923076923118,-0.0020076513473111443,45.61764750682977,-0.008113610992285426,30.290749473056117
2019.0,39.0,2019-09-27 13:30:00,26.174470901489258,0.22000000000000003,0.22488333333333335,0,0,3.0,0.038016814725370995,-0.05428571428571427,-0.12560666666666667,0.007452082361565521,45.958863779999646,0.0011081158340870735,30.32433373636398
2019.0,40.0,2019-10-04 13:30:00,26.490596771240234,0.28750000000000003,0.3338546875,0,0,4.0,0.012005288536272474,0.0675,0.10897135416666667,-0.0030066831016376397,45.82088757021476,0.0018963209830073447,30.381892964861606
2019.0,41.0,2019-10-11 13:30:00,29.443777084350586,0.28421052631578947,0.37137631578947367,0,0,4.0,0.10569275213249263,-0.0032894736842105643,0.03752162828947364,-0.0026807996460884325,45.69821545418285,0.0015831408402099487,30.430029874116716
2019.0,42.0,2019-10-18 13:30:00,29.1956787109375,0.2888888888888889,0.4020648148148148,0,0,4.0,-0.008461874362078792,0.004678362573099448,0.030688499025341154,-0.0023958831030637387,45.58885892697508,0.0019657612839094783,30.489906881381327
2019.0,43.0,2019-10-25 13:30:00,29.495798110961914,0.25333333333333335,0.273185,0,0,4.0,0.010227107312851924,-0.03555555555555556,-0.1288798148148148,0.008216676418135392,45.964990990606594,0.012239628163298676,30.865385174211983
2019.0,44.0,2019-11-01 13:30:00,30.672269821166992,0.2782608695652174,0.3992130434782609,0,0,4.0,0.03911116696687156,0.02492753623188404,0.1260280434782609,-0.003950363322547809,45.78377075463016,-0.00024457446018297333,30.857837212351633
2019.0,45.0,2019-11-08 14:30:00,34.09763717651367,0.20714285714285716,0.17365714285714287,0,0,4.0,0.10586910762640933,-0.07111801242236024,-0.22555590062111805,0.015551950586999937,46.501363213113585,0.019380495224997882,31.461710156165683
2019.0,46.0,2019-11-15 14:30:00,34.41776657104492,0.23199999999999998,0.264752,0,0,4.0,0.009344810265686121,0.024857142857142828,0.09109485714285712,-0.0032749041979805347,46.34932479502625,0.000842990830405615,31.488243271351333
2019.0,47.0,2019-11-22 14:30:00,33.39335632324219,0.3,0.39201875,0,0,4.0,-0.03021593342392981,0.068,0.12726675000000004,-0.0033537653869455284,46.19414040529397,0.0013442346682440154,31.53059932145627
2019.0,48.0,2019-11-29 14:30:00,33.34133529663086,0.2956521739130435,0.30636521739130435,0,0,4.0,-0.0015590403097847094,-0.004347826086956497,-0.08565353260869568,0.005333301844620546,46.44116584460918,0.009012320890925813,31.81604754386151
2019.0,49.0,2019-12-06 14:30:00,34.2977180480957,0.32941176470588235,0.3460441176470588,0,0,4.0,0.028280895339309886,0.033759590792838856,0.039678900255754435,-0.0021509798002715547,46.34137919298605,0.0027839982063606415,31.904746775117783
2019.0,50.0,2019-12-13 14:30:00,34.9379768371582,0.3333333333333333,0.4829047619047619,0,0,4.0,0.018495576364244037,0.0039215686274509665,0.1368606442577031,-0.004462786808743748,46.13502828975068,-0.0013763457766226136,31.860865016803203
2019.0,51.0,2019-12-20 14:30:00,34.825931549072266,0.33043478260869563,0.38985,0,0,4.0,-0.0032121303698708914,-0.002898550724637683,-0.09305476190476192,0.006002908046953774,46.41280552377517,0.009549615438946406,32.16658143908107
2019.0,52.0,2019-12-27 14:30:00,34.821929931640625,0.2727272727272727,0.37606818181818186,0,0,4.0,-0.00011490998721219725,-0.057707509881422925,-0.013781818181818117,-0.0021865066735589495,46.3114344793777,0.003883184488747941,32.291733045304724
2020.0,1.0,2020-01-03 14:30:00,35.09403610229492,0.26956521739130435,0.32833913043478263,0,0,1.0,0.007783845663825506,-0.003162055335968361,-0.047729051383399224,0.0021252150952297093,46.40996089684666,-0.004260778293257021,32.154437830037494
2020.0,2.0,2020-01-10 14:30:00,38.487396240234375,0.3739130434782609,0.4022304347826087,0,0,1.0,0.09229961289315725,0.10434782608695653,0.07389130434782609,-0.0017964647330523935,46.32666188310585,-0.006117175494582572,31.958343872959208
2020.0,3.0,2020-01-17 14:30:00,37.110843658447266,0.425,0.39272083333333335,0,0,1.0,-0.036421608506629344,0.05108695652173911,-0.009509601449275373,-0.00032082410269146963,46.311801557279324,-0.0051289993173356824,31.79484918952755
2020.0,4.0,2020-01-24 14:30:00,35.7222900390625,0.23636363636363636,0.2491818181818182,0,0,1.0,-0.038134344016901967,-0.18863636363636363,-0.14353901515151515,0.005504186624940564,46.5674131776836,0.0031542064276288513,31.895295037398025
2020.0,5.0,2020-01-31 14:30:00,34.65786361694336,0.26,0.3313125,0,0,1.0,-0.030250220689403307,0.02363636363636365,0.08213068181818181,-0.0031189038521512356,46.422400151733534,-0.009423952321760201,31.59612718358241
2020.0,6.0,2020-02-07 14:30:00,36.65066146850586,0.38095238095238093,0.34711190476190473,0,0,1.0,0.05590683232380478,0.12095238095238092,0.015799404761904723,-0.00043229074921672826,46.40233651456632,-0.003676799942826914,31.48016785522265
2020.0,7.0,2020-02-14 14:30:00,36.7627067565918,0.3304347826086957,0.3233260869565217,0,0,1.0,0.0030524515573375766,-0.050517598343685244,-0.023785817805383025,-0.0011459529886520218,46.349192074687686,-0.0059029227700233295,31.29489023332426
2020.0,8.0,2020-02-21 14:30:00,36.27450942993164,0.25263157894736843,0.24525526315789473,0,0,1.0,-0.013368652942989723,-0.07780320366132726,-0.07807082379862698,0.002783422587561216,46.478381173344154,-0.0018767573379644999,31.236212397690387
2020.0,9.0,2020-02-28 14:30:00,28.683473587036133,0.23333333333333334,0.19504722222222223,0,0,1.0,-0.23479415133240522,-0.019298245614035092,-0.05020804093567249,0.0019190375170390277,46.56766056840221,-0.004043408427173572,31.110166632232115
2020.0,10.0,2020-03-06 14:30:00,27.555021286010742,0.3904761904761904,0.3942095238095238,0,0,1.0,-0.04013634387897591,0.15714285714285708,0.19916230158730155,-0.0034616422857526074,46.40673867314217,-0.008031911768070991,30.861293320924293
2020.0,11.0,2020-03-13 13:30:00,26.654661178588867,0.27692307692307694,0.3743884615384615,0,0,1.0,-0.033220740996875886,-0.11355311355311348,-0.019821062271062284,-0.0031170069182046,46.26231375131972,-0.00605063157154408,30.675126785740634
2020.0,12.0,2020-03-20 13:30:00,19.80792236328125,0.24,0.396460625,0,0,1.0,-0.29688206179807075,-0.03692307692307695,0.022072163461538508,-0.0032526487978697806,46.11208314825488,-0.008359585140668226,30.419764301006698
2020.0,13.0,2020-03-27 13:30:00,21.80872344970703,0.29411764705882354,0.4719941176470588,0,0,1.0,0.0962280709648029,0.05411764705882355,0.07553349264705878,-0.002551978441430769,45.994556133159286,-0.008066344145975133,30.175375002525097
2020.0,14.0,2020-04-03 13:30:00,20.05602264404297,0.4666666666666666,0.7203166666666666,1,0,2.0,-0.08378055810033835,0.17254901960784308,0.24832254901960782,-0.004191648522200876,45.80216661622054,0.005811532316190567,30.351250728236643
2020.0,15.0,2020-04-09 13:30:00,23.4013614654541,0.2727272727272727,0.4657409090909091,1,0,2.0,0.15426471305930667,-0.1939393939393939,-0.2545757575757575,0.014849519728202702,46.48738175962528,0.02607138640892675,31.152955278002253
2020.0,16.0,2020-04-17 13:30:00,23.913564682006836,0.2838709677419355,0.2984758064516129,1,0,2.0,0.021651654897359762,0.01114369501466278,-0.16726510263929617,0.01257618090417447,47.075707171677514,0.019679164498529716,31.772091470100253
2020.0,17.0,2020-04-24 13:30:00,22.721088409423828,0.2012422360248447,0.31721211180124226,1,0,2.0,-0.051152359802970615,-0.08262873171709079,0.018736305349629334,-0.0043717105984908584,46.87035500088931,0.006642950269974753,31.98385448054641
2020.0,18.0,2020-05-01 13:30:00,23.313325881958008,0.21509433962264152,0.3961556603773585,1,0,2.0,0.025731625298568428,0.013852103597796817,0.07894354857611624,-0.0031981567009096213,46.72069570547061,0.005101388726170194,32.14743344039338
2020.0,19.0,2020-05-08 13:30:00,23.305322647094727,0.21428571428571427,0.3822785714285714,1,0,2.0,-0.0003433490757207558,-0.0008086253369272434,-0.013877088948787086,-0.0007048343736552245,46.68777695567232,0.008057080382974991,32.40749415391357
2020.0,20.0,2020-05-15 13:30:00,19.907962799072266,0.20740740740740743,0.3849388888888889,1,0,2.0,-0.15756198192031112,-0.006878306878306845,0.002660317460317474,-0.0020986597827218597,46.58989793913319,0.006974187703440174,32.634300075369424
2020.0,21.0,2020-05-22 13:30:00,25.490196228027344,0.23846153846153847,0.32341923076923074,1,0,2.0,0.2471741242416461,0.031054131054131046,-0.06151965811965815,0.003832264129383406,46.76878528664755,0.012708245049299469,33.05167116771208
2020.0,22.0,2020-05-29 13:30:00,28.7194881439209,0.2,0.2962021739130435,1,0,2.0,0.11928200514026033,-0.038461538461538464,-0.02721705685618725,-0.0005406999302599849,46.74350424304989,0.009116115850688725,33.35435156979248
2020.0,23.0,2020-06-05 13:30:00,31.900760650634766,0.2277777777777778,0.33748333333333336,1,0,2.0,0.105053932619672,0.02777777777777779,0.04128115942028987,-0.0022681927574577264,46.6376011150249,0.0068029625307612,33.58203355165688
2020.0,24.0,2020-06-12 13:30:00,28.395357131958008,0.22272727272727275,0.3256164772727273,1,0,2.0,-0.11640420382044292,-0.005050505050505055,-0.011866856060606057,-0.0009863644919816015,46.59162212104516,0.007919807352523584,33.849052762553384
2020.0,25.0,2020-06-19 13:30:00,28.39936065673828,0.23414634146341462,0.35884756097560977,1,0,2.0,0.00014098229352255132,0.011419068736141874,0.03323108370288247,-0.0023480000384164994,46.48235332228775,0.00643609203385528,34.06761095727071
2020.0,26.0,2020-06-26 13:30:00,26.130451202392578,0.21904761904761907,0.3448380952380952,1,0,2.0,-0.08326528584346615,-0.015098722415795546,-0.014009465737514548,-0.0010636063270164076,46.43294067965743,0.008098908432921052,34.3446417281092
2020.0,27.0,2020-07-02 13:30:00,26.698678970336914,0.2253968253968254,0.35359285714285715,1,0,3.0,0.021512740432167554,0.006349206349206327,0.008754761904761932,-0.001947067778086349,46.34262055525442,0.008831733878635334,34.64930784874347
2020.0,28.0,2020-07-10 13:30:00,26.554622650146484,0.264406779661017,0.37070000000000003,1,0,3.0,-0.005410243766785783,0.0390099542641916,0.017107142857142876,-0.00163823587203369,46.26676256546253,0.009805132739034625,34.99071997181518
2020.0,29.0,2020-07-17 13:30:00,28.411365509033203,0.23076923076923078,0.3723644230769231,1,0,3.0,0.06758541544195484,-0.03363754889178622,0.0016644230769230495,-0.0027723706647443266,46.13867159004735,0.008888815371942955,35.303132452807546
2020.0,30.0,2020-07-24 13:30:00,29.435773849487305,0.22857142857142856,0.32166428571428574,1,0,3.0,0.03542147315707478,-0.0021978021978022177,-0.05070013736263734,0.0024039210217238318,46.24971873340131,0.012572940055660724,35.7497986908075
2020.0,31.0,2020-07-31 13:30:00,30.012004852294922,0.21219512195121953,0.4058780487804878,1,0,3.0,0.019386731113937294,-0.01637630662020903,0.08421376306620204,-0.0039238980152544395,46.06859514150485,0.006273697918887118,35.97478714530578
2020.0,32.0,2020-08-07 13:30:00,30.908363342285156,0.22432432432432434,0.4067283783783784,1,0,3.0,0.02942934224676108,0.012129202373104803,0.0008503295978906089,-0.001710722412070043,45.98985193639056,0.009296815987654822,36.31079761521109
2020.0,33.0,2020-08-14 13:30:00,31.040416717529297,0.2285714285714286,0.3558049450549451,1,0,3.0,0.004263314794312745,0.004247104247104255,-0.0509234333234333,0.0025411002303217297,46.10686536820302,0.012744776897140844,36.7765321671908
2020.0,34.0,2020-08-21 13:30:00,31.73269271850586,0.24155844155844158,0.35339155844155845,1,0,3.0,0.022057345080362722,0.012987012987012991,-0.0024133866133866366,-0.0014757906426578924,46.03887147244855,0.009532029767488542,37.1287632381198
2020.0,35.0,2020-08-28 13:30:00,34.41376495361328,0.2282352941176471,0.34892235294117646,1,0,3.0,0.08110916286007974,-0.013323147440794492,-0.00446920550038199,-0.0018323728781606697,45.95458833567062,0.009221455547363363,37.472727968159106
2020.0,36.0,2020-09-04 13:30:00,33.29731750488281,0.23111111111111113,0.3339988888888889,1,0,3.0,-0.032979790010765786,0.0028758169934640365,-0.01492346405228756,-0.0005530967961905353,45.9291780279196,0.010063670096807469,37.85174509289146
2020.0,37.0,2020-09-11 13:30:00,33.765506744384766,0.25245901639344265,0.3795565573770492,1,0,3.0,0.013962932559699048,0.02134790528233152,0.045557668488160286,-0.0024436475778417573,45.817080322704136,0.008249874002833783,38.165308873096244
2020.0,38.0,2020-09-18 13:30:00,34.15365982055664,0.2680851063829787,0.3100840425531915,1,0,3.0,0.011429978358971304,0.015626089989536074,-0.06947251482385769,0.004289161226333405,46.01401921653971,0.01452947578512126,38.72387884221396
2020.0,39.0,2020-09-25 13:30:00,32.697078704833984,0.22285714285714286,0.3779042857142857,1,0,3.0,-0.04358401158250391,-0.04522796352583586,0.0678202431610942,-0.004353625531387829,45.81412685165926,0.006850251537475887,38.99005780833499
2020.0,40.0,2020-10-02 13:30:00,32.6490592956543,0.2530612244897959,0.4393683673469388,1,0,4.0,-0.0014696941331964197,0.030204081632653035,0.0614640816326531,-0.0026240725107325234,45.69406485536977,0.01902268515594971,39.738852868636435
2020.0,41.0,2020-10-09 13:30:00,34.70988464355469,0.2263157894736842,0.37110526315789477,1,0,4.0,0.061208462897015536,-0.026745435016111707,-0.06826310418904402,0.003268097879478932,45.84364181477105,0.024845519903090158,40.738552936783385
2020.0,42.0,2020-10-16 13:30:00,33.193275451660156,0.2,0.33209848484848487,1,0,4.0,-0.044677197662337687,-0.02631578947368418,-0.039006778309409906,0.000780700050557193,45.87944592256942,0.02270778816562504,41.674218610509826
2020.0,43.0,2020-10-23 13:30:00,35.91436767578125,0.23076923076923078,0.4407102564102564,1,0,4.0,0.07879012046974987,0.03076923076923077,0.10861177156177154,-0.0035289343597835225,45.717825710731255,0.01757261313930256,42.41301581938922
2020.0,44.0,2020-10-30 13:30:00,32.252899169921875,0.2620689655172414,0.4140379310344827,1,0,4.0,-0.1075294932970352,0.03129973474801062,-0.026672325375773687,0.0008597996724413826,45.75715078572277,0.022930347711788972,43.39679713777518
2020.0,45.0,2020-11-06 14:30:00,35.21408462524414,0.24489795918367346,0.4023387755102041,1,0,4.0,0.08783819802873749,-0.01717100633356794,-0.011699155524278637,-0.001314576400511403,45.69703903454661,0.020692768528370334,44.304152486394
2020.0,46.0,2020-11-13 14:30:00,41.156463623046875,0.27142857142857146,0.4001428571428572,1,0,4.0,0.15593485549547692,0.026530612244898,-0.002195918367346894,-0.0012992274032099143,45.63770674060451,0.02096249051862844,45.242680436910405
2020.0,47.0,2020-11-20 14:30:00,42.29692077636719,0.2,0.2732088235294118,1,0,4.0,0.02733329905033033,-0.07142857142857145,-0.1269340336134454,0.007121484756167546,45.9638749961117,0.029231168651461123,46.584695638381284
2020.0,48.0,2020-11-27 14:30:00,41.56462478637695,0.29,0.4920325,1,0,4.0,-0.017464848728520277,0.08999999999999997,0.2188236764705882,-0.00480977026423413,45.74333012717426,0.016371024618918185,47.353611635854314
2020.0,49.0,2020-12-04 14:30:00,46.54261779785156,0.26363636363636367,0.3519909090909091,1,0,4.0,0.11311896484548756,-0.02636363636363631,-0.1400415909090909,0.009407952466708669,46.175711927235014,0.030087073746957897,48.799992822475225
2020.0,50.0,2020-12-11 14:30:00,42.78111267089844,0.27692307692307694,0.50135,1,0,4.0,-0.08427169218114816,0.01328671328671327,0.14935909090909089,-0.004569884050247414,45.965175707247056,0.015640368932132782,49.569242708948785
2020.0,51.0,2020-12-18 14:30:00,43.625450134277344,0.2,0.21179800000000001,1,0,4.0,0.019543986280156744,-0.07692307692307693,-0.2895519999999999,0.020866956180820358,46.93440629156702,0.04112049871712937,51.650043275604865
2020.0,52.0,2020-12-24 14:30:00,43.21728515625,0.2482758620689655,0.3183293103448276,1,0,4.0,-0.009400164152296053,0.0482758620689655,0.10653131034482757,-0.0032364123067228894,46.78275274051861,0.018299019754548257,52.60388904264484
2020.0,53.0,2020-12-31 14:30:00,44.009605407714844,0.23333333333333336,0.31292916666666665,1,0,4.0,0.018167380232745334,-0.014942528735632149,-0.00540014367816094,-0.001794807513068928,46.69886201079388,0.020227698765233858,53.67877929226023
2021.0,1.0,2021-01-08 14:30:00,43.05322265625,0.22962962962962963,0.3854537037037037,1,0,1.0,-0.02197082829258168,-0.003703703703703737,0.07252453703703704,-0.0033693506542388403,46.54178194703796,0.007044014126332911,54.05822822473846
2021.0,2.0,2021-01-15 14:30:00,43.27330780029297,0.26,0.39393833333333333,1,0,1.0,0.00509891037458754,0.03037037037037038,0.008484629629629648,-0.0015957413836719513,46.46757252478549,0.010181818337781588,54.61145091128425
2021.0,3.0,2021-01-22 14:30:00,42.00880432128906,0.23200000000000004,0.45006,1,0,1.0,-0.029656773883929954,-0.02799999999999997,0.05612166666666668,-0.0036809248733198022,46.29684329478132,0.007610607749980651,55.02866284723598
2021.0,4.0,2021-01-29 14:30:00,38.043216705322266,0.2818181818181818,0.31879545454545455,1,0,1.0,-0.0991564277816761,0.04981818181818176,-0.13126454545454547,0.01005891053448845,46.764889168833605,0.020768474596641488,56.18347456416757
2021.0,5.0,2021-02-05 14:30:00,41.824729919433594,0.27692307692307694,0.2993942307692308,1,0,1.0,0.0947649942261033,-0.004895104895104863,-0.019401223776223775,-0.00033889618197073556,46.74904341162897,0.010727091434776627,56.78940395254539
2021.0,6.0,2021-02-12 14:30:00,41.960784912109375,0.21176470588235294,0.3084205882352941,1,0,1.0,0.0032477000955739577,-0.065158371040724,0.00902635746606334,-0.003731241820831752,46.57493644535999,0.00916402354801256,57.3122152564207
2021.0,7.0,2021-02-19 14:30:00,42.07283020019531,0.3241379310344828,0.4503620689655172,1,0,1.0,0.0026666793838163727,0.11237322515212986,0.1419414807302231,-0.002998611773864148,46.43548547671762,0.009115211333071947,57.83701641349895
2021.0,8.0,2021-02-26 14:30:00,43.025211334228516,0.31428571428571433,0.45944285714285715,1,0,1.0,0.022384085043349877,-0.009852216748768461,0.009080788177339927,-0.002300007448155701,46.32880624280679,0.009037858651407856,58.36210847231843
2021.0,9.0,2021-03-05 14:30:00,42.825130462646484,0.2,0.2506089285714286,1,0,1.0,-0.00466116336051714,-0.11428571428571432,-0.20883392857142857,0.013005941119629364,46.93529137478478,0.02480868012942192,59.82810488204934
2021.0,10.0,2021-03-12 14:30:00,44.13765335083008,0.21250000000000002,0.31796562500000003,1,0,1.0,0.03018814501837186,0.012500000000000011,0.06735669642857145,-0.002993260917378349,46.79501185280967,0.0076692665579612684,60.28870654689642
2021.0,11.0,2021-03-19 13:30:00,45.21808624267578,0.2,0.3472692307692308,1,0,1.0,0.02418390927943337,-0.012500000000000011,0.029303605769230745,-0.002760188628638433,46.666026886525984,0.008412686307303874,60.79803593321948
2021.0,12.0,2021-03-26 13:30:00,45.71028518676758,0.36,0.30795,1,0,1.0,0.010826186453065212,0.15999999999999998,-0.03931923076923077,0.0037941651440669254,46.84342181917588,0.018216312506355678,61.915700916420924
2021.0,13.0,2021-04-01 13:30:00,46.31452560424805,0.2833333333333334,0.26105833333333334,1,0,2.0,0.01313230847374447,-0.0766666666666666,-0.046891666666666665,0.0001501194004769192,46.850454453429876,0.010639050939176208,62.577941772966675
2021.0,14.0,2021-04-09 13:30:00,43.79751968383789,0.375,0.3898375,1,0,2.0,-0.05587845228730304,0.09166666666666662,0.12877916666666667,-0.0030420652289323176,46.7081488761449,0.0064862532704941306,62.985157376543306
2021.0,15.0,2021-04-16 13:30:00,43.013206481933594,0.23750000000000002,0.32792187500000003,1,0,2.0,-0.018069991529684692,-0.13749999999999998,-0.061915624999999974,-0.0001422451906369377,46.70150533912051,0.011873245720214448,63.737452883687446
2021.0,16.0,2021-04-23 13:30:00,43.7495002746582,0.34285714285714286,0.42743214285714287,1,0,2.0,0.01697299441846356,0.10535714285714284,0.09951026785714284,-0.002278028067618094,46.59523908386897,0.007916988958095828,64.24406436700087
2021.0,17.0,2021-04-30 13:30:00,46.75870132446289,0.4,0.49708125000000003,1,0,2.0,0.06652017255824383,0.05714285714285716,0.06964910714285716,-0.0023944416040869365,46.483802971727584,0.007027173388110852,64.69710849195495
2021.0,18.0,2021-05-07 13:30:00,47.80311965942383,0.24705882352941178,0.34638823529411766,0,0,2.0,0.02209053920615034,-0.15294117647058825,-0.15069301470588237,0.007039560934261319,46.812183004746245,0.0013390203032296946,64.7837972598435
2021.0,19.0,2021-05-14 13:30:00,46.38255310058594,0.2,0.3488833333333333,0,0,2.0,-0.030167524450053218,-0.047058823529411764,0.0024950980392156596,-0.0031360332997481264,46.665608391569855,-0.009983150508183344,64.14026842857103
2021.0,20.0,2021-05-21 13:30:00,46.27450942993164,0.23076923076923078,0.3629788461538462,0,0,2.0,-0.002332120545858629,0.03076923076923077,0.014095512820512857,-0.0016986481286668136,46.58640722969907,-0.00928849456504853,63.5472602340988
2021.0,21.0,2021-05-28 13:30:00,46.718685150146484,0.30833333333333335,0.4275229166666667,0,0,2.0,0.009552937720242571,0.07756410256410257,0.06454407051282052,-0.002001355756396743,46.493264492386494,-0.009094819989825727,62.971929571565084
2021.0,22.0,2021-06-04 13:30:00,45.61024475097656,0.25517241379310346,0.3670448275862069,0,0,2.0,-0.02401183805518947,-0.05316091954022989,-0.06047808908045982,0.0019191547443862126,46.58257793726686,-0.005474471288889711,62.62813346071427
2021.0,23.0,2021-06-11 13:30:00,45.490196228027344,0.3125,0.316290625,0,0,2.0,-0.00263552165383496,0.05732758620689654,-0.05075420258620689,0.0032914278019462243,46.73615373255018,-0.004138214153259065,62.369500341139855
2021.0,24.0,2021-06-18 13:30:00,44.141658782958984,0.25333333333333335,0.20619500000000002,0,0,2.0,-0.030092855062233692,-0.059166666666666645,-0.11009562499999997,0.006001016981619272,47.01746140661071,-0.0018370893662243565,62.255027176198034
2021.0,25.0,2021-06-25 13:30:00,43.7495002746582,0.25833333333333336,0.46713958333333333,0,0,2.0,-0.008923789717466768,0.0050000000000000044,0.2609445833333333,-0.006850106594791092,46.69648739237812,-0.017966048898981145,61.14653771790703
2021.0,26.0,2021-07-02 13:30:00,44.48979568481445,0.24782608695652175,0.33582391304347825,0,0,3.0,0.016779661978063132,-0.010507246376811608,-0.13131567028985508,0.009073388688685265,47.12211077608436,0.0014265553994778106,61.23382888949039
2021.0,27.0,2021-07-09 13:30:00,43.19728088378906,0.22295081967213118,0.2669663934426229,0,0,3.0,-0.0294823016587058,-0.024875267284390573,-0.06885751960085534,0.0033672942298789478,47.28105223895375,-0.003102802532736328,61.044126866276464
2021.0,28.0,2021-07-16 13:30:00,40.75230026245117,0.23703703703703705,0.2949287037037037,0,0,3.0,-0.05826526451217351,0.014086217364905868,0.027962310261080814,-0.002207543316881565,47.17679238947582,-0.008528294007652164,60.52573823220225
2021.0,29.0,2021-07-23 13:30:00,41.824729919433594,0.23043478260869565,0.32169565217391305,0,0,3.0,0.02597550320450237,-0.006602254428341392,0.02676694847020933,-0.002558330250916735,47.056252830110004,-0.009008369241039427,59.982948529294895
2021.0,30.0,2021-07-30 13:30:00,43.633453369140625,0.22372881355932206,0.30355847457627116,0,0,3.0,0.04233634579903889,-0.006705969049373595,-0.018137177597641885,-0.0004937439739733653,47.03302482365336,-0.006848102993653271,59.57358241039455
2021.0,31.0,2021-08-06 13:30:00,43.91356658935547,0.2090909090909091,0.29856818181818184,0,0,3.0,0.006399171010483151,-0.014637904468412954,-0.004990292758089321,-0.0018219202704931774,46.947412415517206,-0.00779044801335296,59.11128062081682
2021.0,32.0,2021-08-13 13:30:00,43.21728515625,0.24000000000000002,0.3154355555555555,0,0,3.0,-0.01598277168477047,0.030909090909090914,0.01686737373737368,-0.0017503095003073715,46.865311785268204,-0.007546391243440869,58.66688267968037
2021.0,33.0,2021-08-20 13:30:00,42.05682373046875,0.2274509803921569,0.32562843137254904,0,0,3.0,-0.02721888474111056,-0.012549019607843132,0.010192875816993519,-0.0023913830962390714,46.75337276874649,-0.008477728100805224,58.171623104076765
2021.0,34.0,2021-08-27 13:30:00,43.36134338378906,0.24255319148936172,0.3167755319148936,0,0,3.0,0.030546688909722786,0.015102211097204832,-0.008852899457655439,-0.000895373056467868,46.71152979380197,-0.0069706530357906485,57.76753890446889
2021.0,35.0,2021-09-03 13:30:00,43.26130676269531,0.30500000000000005,0.3413525,0,0,3.0,-0.0023097114991808,0.06244680851063833,0.0245769680851064,-0.001445210721801305,46.644070548266164,-0.006595364784252204,57.38779456546111
2021.0,36.0,2021-09-10 13:30:00,42.17687225341797,0.23428571428571432,0.30017,0,0,3.0,-0.025386607310407427,-0.07071428571428573,-0.04118250000000001,-0.00018329863774909543,46.63552153721057,-0.005020914638358687,57.10037749974567
2021.0,37.0,2021-09-17 13:30:00,46.166465759277344,0.28148148148148144,0.30226481481481476,0,0,3.0,0.09038166522488478,0.047195767195767124,0.0020948148148147716,-0.0012295848423745743,46.57821444599766,-0.006469973960309994,56.73213209785814
2021.0,38.0,2021-09-24 13:30:00,45.79031753540039,0.25625000000000003,0.38710625,0,0,3.0,-0.008181023918798491,-0.02523148148148141,0.08484143518518522,-0.004165379201126148,46.384602034811415,-0.010778883035027893,56.12390696427504
2021.0,39.0,2021-10-01 13:30:00,47.03081130981445,0.2538461538461539,0.324175,0,0,4.0,0.026730285461484815,-0.0024038461538461453,-0.06293125,0.003443136377103641,46.54458581034047,0.007348401493746079,56.53784700214834
2021.0,40.0,2021-10-08 13:30:00,46.33853530883789,0.23809523809523808,0.2507095238095238,0,0,4.0,-0.01482903569482108,-0.015750915750915806,-0.07346547619047616,0.0039971165737938685,46.73100226164994,0.008147816669714723,57.00038880845128
2021.0,41.0,2021-10-15 13:30:00,47.114845275878906,0.2702702702702703,0.2982094594594594,0,0,4.0,0.016614226672916566,0.0321750321750322,0.0474999356499356,-0.002325262618906283,46.62246664475624,0.0024800409591303665,57.14192754576981
2021.0,42.0,2021-10-22 13:30:00,43.381351470947266,0.23428571428571432,0.35204285714285716,0,0,4.0,-0.08255847853217446,-0.035984555984555966,0.05383339768339773,-0.0038433927017564066,46.443622101774146,0.0011476491379030914,57.207544074830395
2021.0,43.0,2021-10-29 13:30:00,45.42216873168945,0.25625000000000003,0.329628125,0,0,4.0,0.045970624769620105,0.021964285714285714,-0.022414732142857163,0.00036169168285595183,46.46042341187396,0.005213735161429739,57.506587949244114
2021.0,44.0,2021-11-05 13:30:00,49.56382751464844,0.24285714285714288,0.2839017857142857,0,0,4.0,0.08726099977166113,-0.01339285714285715,-0.04572633928571429,0.001689229445813358,46.538972051825844,0.006116554453848053,57.85940804758082
2021.0,45.0,2021-11-12 14:30:00,45.66626739501953,0.20740740740740743,0.2658148148148148,0,0,4.0,-0.08190138974805805,-0.03544973544973545,-0.018086970899470922,-0.0012424219618512818,46.481186915061315,0.004147524603203274,58.09987970232192
2021.0,46.0,2021-11-19 14:30:00,42.372947692871094,0.27142857142857146,0.44343035714285717,0,0,4.0,-0.0748497614459338,0.06402116402116403,0.1776155423280424,-0.004386085305830699,46.277762907778346,-0.0003774319273710854,58.07795509053036
2021.0,47.0,2021-11-26 14:30:00,40.01600646972656,0.25925925925925924,0.34435740740740745,0,0,4.0,-0.0572305966873623,-0.012169312169312219,-0.09907294973544972,0.006276779259500152,46.56915174520308,0.010010023559659955,58.66223624457485
2021.0,48.0,2021-12-03 14:30:00,40.24810028076172,0.24000000000000002,0.27102333333333334,0,0,4.0,0.005783268943471587,-0.019259259259259226,-0.07333407407407411,0.003895037525400498,46.75089405556366,0.008146115092107399,59.14205725780732
2021.0,49.0,2021-12-10 14:30:00,40.18007278442383,0.23333333333333336,0.3921854166666667,0,0,4.0,-0.0016916339130363944,-0.006666666666666654,0.12116208333333334,-0.004387939057972898,46.54620339504037,-0.0010195823967170921,59.081787787388265
2021.0,50.0,2021-12-17 14:30:00,40.292118072509766,0.2549019607843137,0.3015686274509804,0,0,4.0,0.0027846976526362255,0.021568627450980343,-0.09061678921568628,0.006180526752465709,46.83477429183235,0.010179990433805136,59.686311624646954
2021.0,51.0,2021-12-23 14:30:00,41.952781677246094,0.2,0.28308690476190473,0,0,4.0,0.04038887156835713,-0.0549019607843137,-0.018481722689075664,-0.0017124727449907122,46.754639651117195,0.004220132811341743,59.93872802747612
2021.0,52.0,2021-12-31 14:30:00,40.94837951660156,0.25925925925925924,0.37269444444444444,0,0,4.0,-0.024232502793256838,0.059259259259259234,0.0896075396825397,-0.002750439208773361,46.62622054246113,0.0021892720865636407,60.07009395706341
2022.0,1.0,2022-01-07 14:30:00,46.41456604003906,0.2516129032258065,0.34243870967741935,0,0,1.0,0.12530109597339711,-0.007646356033452761,-0.03025573476702509,0.0005168413999334042,46.65032513214826,-0.0055268674372074104,59.739010281395494
2022.0,2.0,2022-01-14 14:30:00,47.162864685058594,0.2285714285714286,0.36958214285714286,0,0,1.0,0.015993484537004665,-0.02304147465437789,0.02714343317972351,-0.0029913546906392228,46.51098597357007,-0.008549094172335299,59.230472721768535
2022.0,3.0,2022-01-21 14:30:00,45.39415740966797,0.28750000000000003,0.44470624999999997,0,0,1.0,-0.03822341243346994,0.05892857142857144,0.07512410714285711,-0.0024747353023310634,46.39602590118077,-0.007871789737038667,58.7660531990404
2022.0,4.0,2022-01-28 14:30:00,44.39775848388672,0.325,0.31965625000000003,0,0,1.0,-0.02219442178220321,0.03749999999999998,-0.12504999999999994,0.009350701512526084,46.831895960284534,0.002796233289980591,58.930606751157285
2022.0,5.0,2022-02-04 14:30:00,47.71908950805664,0.31875,0.35376406250000003,0,1,1.0,0.07214253359958711,-0.006250000000000033,0.0341078125,-0.0026913619508202387,46.70602383711255,-0.004258084418463003,58.68020873905281
2022.0,6.0,2022-02-11 14:30:00,48.611446380615234,0.2761904761904762,0.38445476190476197,0,1,1.0,0.018527508244091884,-0.04255952380952377,0.030690699404761934,-0.0035655144267051917,46.53978936711783,-0.004069725830029191,58.44188166969532
2022.0,7.0,2022-02-18 14:30:00,43.17727279663086,0.27111111111111114,0.2724,0,1,1.0,-0.11854476126614388,-0.005079365079365072,-0.11205476190476199,0.007569052804970465,46.89338800559923,0.0049877780040819926,58.73410496824936
2022.0,8.0,2022-02-25 14:30:00,40.98839569091797,0.28,0.30879,0,1,1.0,-0.052025269429795795,0.00888888888888889,0.03639000000000003,-0.0024456264106371066,46.778844419908914,-0.004007513039002934,58.499198286935595
2022.0,9.0,2022-03-04 14:30:00,33.46538543701172,0.25,0.373734375,0,1,1.0,-0.20277736061233487,-0.030000000000000027,0.064944375,-0.0039035695504391122,46.596595888558426,-0.00516700926933124,58.19771194924544
2022.0,10.0,2022-03-11 14:30:00,32.0128059387207,0.296551724137931,0.24575689655172414,0,1,1.0,-0.044375625770193494,0.046551724137931016,-0.12797747844827587,0.009731128249488689,47.052246741941524,0.007898207904451265,58.65918960202933
2022.0,11.0,2022-03-18 13:30:00,34.701881408691406,0.29600000000000004,0.38817799999999997,0,1,1.0,0.08065789642179366,-0.0005517241379309756,0.14242110344827583,-0.004641253808775697,46.83437132121088,-0.007651243126097202,58.21208650920965
2022.0,12.0,2022-03-25 13:30:00,33.3253288269043,0.2810810810810811,0.35225,0,1,1.0,-0.040476171463609045,-0.014918918918918944,-0.03592799999999996,0.0008129186657343849,46.872459334987006,-0.0005500718147139587,58.18007448640816
2022.0,13.0,2022-04-01 13:30:00,35.45418167114258,0.2577777777777778,0.2989677777777778,0,1,2.0,0.06192347242512586,-0.023303303303303324,-0.05328222222222223,0.0020778554209271664,46.969954784354485,-0.0015210737267649134,58.09164557418276
2022.0,14.0,2022-04-08 13:30:00,35.058021545410156,0.32592592592592595,0.3887759259259259,0,1,2.0,-0.011236758350272602,0.06814814814814818,0.08980814814814814,-0.0026262534233848275,46.846761618849555,-0.005692910226113119,57.76187461989539
2022.0,15.0,2022-04-14 13:30:00,38.367347717285156,0.2914285714285715,0.3055271428571429,0,1,2.0,0.09020233063941907,-0.03449735449735447,-0.08324878306878303,0.0043471374832112376,47.050854220143485,0.0006927559588289023,57.801903366206865
2022.0,16.0,2022-04-22 13:30:00,36.45858383178711,0.2705882352941177,0.3736279411764706,0,1,2.0,-0.05102985120351411,-0.020840336134453796,0.0681007983193277,-0.0037274810381684714,46.87579951244587,-0.007543485204325165,57.36751602050862
2022.0,17.0,2022-04-29 13:30:00,34.941978454589844,0.3526315789473684,0.36382894736842103,0,1,2.0,-0.04248799935368375,0.08204334365325072,-0.00979899380804955,0.0001499079236376758,46.88282709295148,-0.0016493988908600722,57.27297209496998
2022.0,18.0,2022-05-06 13:30:00,34.19767761230469,0.2947368421052632,0.4163631578947368,0,1,2.0,-0.02153119175723761,-0.05789473684210522,0.052534210526315794,-0.004385652064140836,46.67766553797577,-0.006974278970767087,56.87492407250973
2022.0,19.0,2022-05-13 13:30:00,33.21328353881836,0.265,0.29447625,0,1,2.0,-0.029207833197816058,-0.029736842105263173,-0.12188690789473683,0.007770163808639494,47.041771394566155,0.0035040162818466844,57.07456429952424
2022.0,20.0,2022-05-20 13:30:00,34.36174392700195,0.40958904109589045,0.43189520547945204,0,1,2.0,0.03399394790534904,0.14458904109589044,0.13741895547945204,-0.0024468707364797533,46.9268069696515,-0.004290515184207635,56.83020959340417
2022.0,21.0,2022-05-27 13:30:00,36.2504997253418,0.2727272727272727,0.3525945454545455,0,1,2.0,0.05350931633492628,-0.13686176836861774,-0.07930066002490654,0.0013589857686585266,46.99062318533476,0.0006347713835963796,56.86629523603281
2022.0,22.0,2022-06-03 13:30:00,34.19367599487305,0.3142857142857143,0.33851836734693874,0,1,2.0,-0.058412452192799336,0.04155844155844157,-0.014076178107606752,-6.81193123229602e-05,46.987422325419175,-0.0028667087401683987,56.70350957148364
2022.0,23.0,2022-06-10 13:30:00,30.564226150512695,0.248,0.304104,0,1,2.0,-0.11221046953696501,-0.06628571428571428,-0.03441436734693876,-0.0006466163957906091,46.957049308651214,-0.0028023745862778464,56.54482754439592
2022.0,24.0,2022-06-17 13:30:00,28.419368743896484,0.32363636363636367,0.3655309090909091,0,1,2.0,-0.07275933426585546,0.07563636363636367,0.06142690909090909,-0.0019687673570180806,46.864692746913946,-0.004524226169779695,56.28958378148367
2022.0,25.0,2022-06-24 13:30:00,30.024009704589844,0.24444444444444446,0.25913194444444443,0,1,2.0,0.05492647432369857,-0.0791919191919192,-0.10639896464646464,0.005166714857975259,47.107455855077475,0.0024841373225964773,56.429588661105306
2022.0,26.0,2022-07-01 13:30:00,27.47098731994629,0.2966666666666667,0.35776416666666666,0,1,3.0,-0.08886694384643423,0.052222222222222225,0.09863222222222223,-0.003026589334050085,46.96509647199801,-0.004746725894948258,56.1623675857042
2022.0,27.0,2022-07-08 13:30:00,27.14285659790039,0.25098039215686274,0.25422549019607843,0,1,3.0,-0.012016538186160552,-0.04568627450980395,-0.10353867647058823,0.0057901536777065,47.23782039282376,0.004023154496330518,56.38877259316483
2022.0,28.0,2022-07-15 13:30:00,27.61504554748535,0.32682926829268294,0.3632829268292683,0,1,3.0,0.017246849698780764,0.0758488761358202,0.1090574366331899,-0.002888060013915325,47.101591545834744,-0.004179365749273684,56.1535950770955
2022.0,29.0,2022-07-22 13:30:00,28.39936065673828,0.31698113207547174,0.28420754716981134,0,1,3.0,0.028005880100479885,-0.0098481362172112,-0.07907537965945699,0.004629075854224594,47.32013382008778,0.0021557997927778624,56.27478156569571
2022.0,30.0,2022-07-29 13:30:00,29.211685180664062,0.3409090909090909,0.3242625,0,1,3.0,0.02820217381753043,0.023927958833619145,0.04005495283018867,-0.0022999154776832077,47.21142656857233,-0.003987677986593027,56.05082269275446
2022.0,31.0,2022-08-05 13:30:00,29.611845016479492,0.2482758620689655,0.28878448275862073,0,1,3.0,0.013605644114612847,-0.09263322884012537,-0.03547801724137928,-0.0012381129095476785,47.15300966268466,-0.0008420695137916598,56.00364387045372
2022.0,32.0,2022-08-12 13:30:00,30.088035583496094,0.2277777777777778,0.22925416666666665,0,1,3.0,0.015953153055550562,-0.020498084291187713,-0.05953031609195408,0.0026840979890047647,47.27974296731359,0.0007522743055280905,56.04578982342456
2022.0,33.0,2022-08-19 13:30:00,28.72348976135254,0.29491525423728815,0.2577050847457627,0,1,3.0,-0.046412357220069644,0.06713747645951035,0.028450918079096055,-0.0014526460640863713,47.21111209503298,-0.0019928829923072976,55.934208343441476
2022.0,34.0,2022-08-26 13:30:00,27.91916847229004,0.2786885245901639,0.3161688524590164,0,1,3.0,-0.02840175165514136,-0.01622672964712424,0.05846376771325368,-0.003421381446707479,47.04986088028833,-0.005429781901865421,55.63132084197712
2022.0,35.0,2022-09-02 13:30:00,29.119647979736328,0.3446808510638298,0.32905531914893615,0,1,3.0,0.04209963970789943,0.06599232647366587,0.012886466689919773,-0.0011677431860648512,46.994950792520214,-0.0015504029648006938,55.5451367045428
2022.0,36.0,2022-09-09 13:30:00,29.711885452270508,0.3298245614035088,0.3478640350877193,0,1,3.0,0.02013401468723197,-0.014856289660320987,0.018808715938783138,-0.0026179793277408183,46.872079889756776,-0.004195276949585213,55.31259759690776
2022.0,37.0,2022-09-16 13:30:00,27.214885711669922,0.2,0.25001428571428574,0,1,3.0,-0.08778305691831001,-0.1298245614035088,-0.09784974937343355,0.0031253454818952822,47.01880048972144,0.003797010775930308,55.52301936006977
2022.0,38.0,2022-09-23 13:30:00,25.0100040435791,0.24878048780487808,0.2427987804878049,0,1,3.0,-0.08448818584837614,0.048780487804878064,-0.007215505226480845,-0.0005499740603199209,46.99294847872409,-0.0012715786035905408,55.452462345546806
2022.0,39.0,2022-09-30 13:30:00,23.377351760864258,0.29743589743589743,0.3284333333333333,0,1,3.0,-0.06750822636366305,0.04865540963101936,0.0856345528455284,-0.0028262827708905067,46.860320628274195,-0.004475853317869117,55.204819877079295
2022.0,40.0,2022-10-07 13:30:00,23.3813533782959,0.25853658536585367,0.2720207317073171,0,1,4.0,0.00017116031889674588,-0.03889931207004377,-0.05641260162601619,0.0019412966243852782,46.95137876735944,0.011500587602902986,55.84337257169337
2022.0,41.0,2022-10-14 13:30:00,24.169668197631836,0.30212765957446813,0.3254787234042553,0,1,4.0,0.03315962623825497,0.043591074208614466,0.05345799169693821,-0.002276157463997016,46.84463156893653,0.007271594479349393,56.25092290597037
2022.0,42.0,2022-10-21 13:30:00,25.374149322509766,0.28888888888888886,0.3084166666666667,0,1,4.0,0.048632445802437196,-0.01323877068557927,-0.01706205673758865,-0.0007547434658784144,46.80928922822645,0.008568832569787677,56.73499866638816
2022.0,43.0,2022-10-28 13:30:00,27.154861450195312,0.276,0.290294,0,1,4.0,0.0678251767259268,-0.012888888888888839,-0.018122666666666676,-0.0006551050870172766,46.778634266940244,0.008645507862593809,57.22762799033631
2022.0,44.0,2022-11-04 13:30:00,27.631052017211914,0.29333333333333333,0.3193722222222222,0,1,4.0,0.017384124100208176,0.01733333333333331,0.029078222222222228,-0.0021823684704431953,46.67665736648587,0.007040326069530346,57.63195076359432
2022.0,45.0,2022-11-11 14:30:00,31.284513473510742,0.30638297872340425,0.3721191489361702,0,1,4.0,0.12418298450927923,0.013049645390070919,0.052746926713947984,-0.002702426736923904,46.55068740858395,0.006139796055374984,57.98688769272799
2022.0,46.0,2022-11-18 14:30:00,29.60384178161621,0.29375,0.3169328125,0,1,4.0,-0.05521905507184899,-0.012632978723404242,-0.055186336436170214,0.002516803214800362,46.6679938850424,0.011351913877460085,58.648900293628515
2022.0,47.0,2022-11-25 14:30:00,30.93637466430664,0.2645161290322581,0.4137483870967742,0,1,4.0,0.04402852235278498,-0.029233870967741937,0.0968155745967742,-0.004500907420155007,46.458417560700696,0.004337181081779148,58.90382361914516
2022.0,48.0,2022-12-02 14:30:00,31.156463623046875,0.2647058823529412,0.3637602941176471,0,1,4.0,0.0070890584653438005,0.0001897533206831059,-0.0499880929791271,0.0024027630236584255,46.57018034452571,0.010950994276106192,59.55242398197181
2022.0,49.0,2022-12-09 14:30:00,31.108442306518555,0.3038461538461539,0.2988153846153846,0,1,4.0,-0.0015424844969302853,0.0391402714932127,-0.0649449095022625,0.0042412891928159885,46.768117404568876,0.01351510268626054,60.36274455592969
2022.0,50.0,2022-12-16 14:30:00,30.964385986328125,0.22807017543859648,0.2636771929824561,0,1,4.0,-0.004641534235814149,-0.0757759784075574,-0.03513819163292847,-0.0008305746010226506,46.729289121240114,0.010029780657263712,60.97121596022416
2022.0,51.0,2022-12-23 14:30:00,30.648258209228516,0.27999999999999997,0.27142666666666665,0,1,4.0,-0.0102618725556205,0.05192982456140349,0.007749473684210528,-0.0012708780622887699,46.66993961381118,0.009013180189268378,61.52324454547706
2022.0,52.0,2022-12-30 14:30:00,29.915966033935547,0.29677419354838713,0.41177741935483875,0,1,4.0,-0.024183513409701707,0.016774193548387162,0.1403507526881721,-0.004345192208422843,46.46758969884611,0.0035465100260799673,61.74182471837837
2023.0,1.0,2023-01-06 14:30:00,34.7899169921875,0.2682926829268293,0.33927560975609755,0,1,1.0,0.15093528424585223,-0.02848151062155785,-0.0725018095987412,0.0035851283616315593,46.63448095710732,0.0021516552334000594,61.87481486181458
2023.0,2.0,2023-01-13 14:30:00,37.03081130981445,0.2692307692307692,0.3378826923076923,0,1,1.0,0.062422701019898774,0.0009380863039399334,-0.0013929174484052509,-0.0017365400456871762,46.55356858753353,-0.0030705057740348022,61.68511926526387
2023.0,3.0,2023-01-20 14:30:00,37.4789924621582,0.23157894736842108,0.30811184210526316,0,1,1.0,0.012030270782727115,-0.03765182186234814,-0.029770850202429144,-0.00030163338660476506,46.5395285945537,-0.0009486051016717682,61.626632191385745
2023.0,4.0,2023-01-27 14:30:00,38.291316986083984,0.27142857142857146,0.33671071428571425,0,1,1.0,0.021442584941731013,0.039849624060150385,0.028598872180451096,-0.0018486727356703471,46.453571714460786,-0.0025945275914635996,61.46694743662476
2023.0,5.0,2023-02-03 14:30:00,37.93917465209961,0.23829787234042554,0.38987340425531913,0,1,1.0,-0.009238949697581766,-0.03313069908814592,0.05316268996960488,-0.0037564969781029903,46.27939636210528,-0.004792270643083548,61.17308588335004
2023.0,6.0,2023-02-10 14:30:00,37.354942321777344,0.38857142857142857,0.43432571428571426,0,1,1.0,-0.01551898286990383,0.15027355623100302,0.044452310030395126,-0.0005646903022250706,46.25327021307252,0.0010830080595575944,61.23937271649797
2023.0,7.0,2023-02-17 14:30:00,37.723087310791016,0.20555555555555557,0.25035972222222225,0,1,1.0,0.009807075157767464,-0.183015873015873,-0.183965992063492,0.009102254261053998,46.67620113131558,0.010640331200233907,61.89445891119059
2023.0,8.0,2023-02-24 14:30:00,36.374549865722656,0.4057142857142857,0.4356614285714286,0,1,1.0,-0.03640295193845766,0.20015873015873012,0.18530170634920634,-0.0025734651012874464,46.556235985908984,-0.00142785959575576,61.806145378776826
2023.0,9.0,2023-03-03 14:30:00,38.93157196044922,0.2918918918918919,0.3621108108108108,0,1,1.0,0.06793618937114321,-0.11382239382239379,-0.07355061776061778,0.001464586482828341,46.62447157608964,0.0024203151365793565,61.95591690200052
2023.0,10.0,2023-03-10 14:30:00,36.294517517089844,0.3,0.37419375000000005,0,1,1.0,-0.07013884268355852,0.00810810810810808,0.012082939189189235,-0.0019861750472591018,46.531959117434674,-0.003278418626218152,61.75313205845674
2023.0,11.0,2023-03-17 13:30:00,35.114044189453125,0.32093023255813957,0.3135139534883721,0,1,1.0,-0.03306552747412361,0.020930232558139583,-0.06067979651162797,0.003614674502466989,46.700461360518126,0.002014961838648956,61.877687708270095
2023.0,12.0,2023-03-24 13:30:00,35.84634017944336,0.2578947368421053,0.2918421052631579,0,1,1.0,0.020640304986521585,-0.06303549571603428,-0.021671848225214174,-0.0016506701025426538,46.623437892831916,-0.001482997947138442,61.78599123407209
2023.0,13.0,2023-03-31 13:30:00,37.7310905456543,0.29152542372881357,0.3380271186440678,0,1,1.0,0.05124296270888129,0.03363068688670828,0.04618501338090991,-0.002278826466124609,46.51731213563849,-0.0033783499706384348,61.57760872511551
2023.0,14.0,2023-04-06 13:30:00,37.615047454833984,0.25,0.34893846153846153,0,1,2.0,-0.0030802688937154876,-0.04152542372881357,0.010911342894393716,-0.0031557110515357824,46.370748317803944,-0.005712115596953299,61.22687298110827
2023.0,15.0,2023-04-14 13:30:00,37.40696334838867,0.2565217391304348,0.3210923913043478,0,1,2.0,-0.005547295728885349,0.0065217391304348005,-0.02784607023411373,0.0006030391374879799,46.39872012707438,-0.0031848522183628176,61.032184630248935
2023.0,16.0,2023-04-21 13:30:00,37.919166564941406,0.2594594594594595,0.3367635135135135,0,1,2.0,0.013599825496784845,0.0029377203290246734,0.015671122209165722,-0.0021301540149968106,46.29998890079721,-0.005843115587432618,60.67660637500257
2023.0,17.0,2023-04-28 13:30:00,38.25130081176758,0.2606060606060606,0.3212030303030303,0,1,2.0,0.008720869472425008,0.001146601146601145,-0.0155604832104832,-0.0005236090403482768,46.27575215388436,-0.004285238703151526,60.417148948531846
2023.0,18.0,2023-05-05 13:30:00,38.17927169799805,0.32608695652173914,0.441479347826087,0,1,2.0,-0.0018848252140029054,0.06548089591567852,0.12027631752305668,-0.0032546923091414178,46.12538365358815,-0.0067445677411897146,60.011032474246164
2023.0,19.0,2023-05-12 13:30:00,39.66386413574219,0.2566037735849057,0.3087018867924528,0,1,2.0,0.03814780727626976,-0.06948318293683342,-0.1327774610336342,0.007670900916083672,46.48056744950052,0.004388867555570803,60.27499176513056
2023.0,20.0,2023-05-19 13:30:00,40.13205337524414,0.23684210526315788,0.30499868421052634,0,1,2.0,0.01173480114727754,-0.019761668321747833,-0.003703202581926468,-0.002064531703977328,46.38470583310446,-0.005150097104781808,59.965367685946326
2023.0,21.0,2023-05-26 13:30:00,42.62104797363281,0.30434782608695654,0.3919956521739131,0,1,2.0,0.06017286408955336,0.06750572082379866,0.08699696796338674,-0.00258107159767843,46.26513795931289,-0.005629450225152493,59.62874402538262
2023.0,22.0,2023-06-02 13:30:00,42.78911590576172,0.29056603773584905,0.27452169811320754,0,1,2.0,0.003935553836286854,-0.013781788351107493,-0.11747395406070554,0.007806487594047333,46.62771958797592,0.0031458050600066696,59.81661978538149
2023.0,23.0,2023-06-09 13:30:00,42.99720001220703,0.2723404255319149,0.3560531914893617,0,1,2.0,0.004851228597786861,-0.01822561220393415,0.08153149337615417,-0.003919848762472381,46.4453037339035,-0.007968526361226034,59.34186353975821
2023.0,24.0,2023-06-16 13:30:00,43.17326736450195,0.2653846153846154,0.32418461538461535,0,1,2.0,0.004086495122372469,-0.006955810147299513,-0.03186857610474636,0.0006724633204683618,46.47654700087072,-0.003121830579911494,59.15689716255798
2023.0,25.0,2023-06-23 13:30:00,41.888755798339844,0.28253968253968254,0.32831746031746034,0,1,2.0,-0.030204059821828277,0.01715506715506715,0.004132844932844992,-0.0017018752605248552,46.39751698402564,-0.004945824959059925,58.865039836625485
2023.0,26.0,2023-06-30 13:30:00,44.2577018737793,0.27246376811594203,0.2818195652173913,0,1,2.0,0.055011977074307605,-0.010075914423740506,-0.04649789510006902,0.0018410215785038277,46.48301449121156,-0.0020463419585248174,58.74470500082135
2023.0,27.0,2023-07-07 13:30:00,43.145259857177734,0.2888888888888889,0.3719534722222222,0,0,3.0,-0.025456851130490232,0.01642512077294689,0.09013390700483087,-0.0033777836300587856,46.3262697996445,-0.010380224825846615,58.138075676937596
2023.0,28.0,2023-07-14 13:30:00,44.437774658203125,0.25245901639344265,0.32954918032786884,0,0,3.0,0.029517329497075195,-0.03642987249544627,-0.04240429189435335,0.000808922728904456,46.363759333254414,-0.005008836724591389,57.84759962923666
2023.0,29.0,2023-07-21 13:30:00,43.025211334228516,0.2984126984126984,0.3887888888888889,0,0,3.0,-0.03230363434038708,0.04595368201925576,0.059239708561020066,-0.002354078822008163,46.25474375527519,-0.00830033263902564,57.369432528237006
2023.0,30.0,2023-07-28 13:30:00,40.27210998535156,0.27692307692307694,0.3632507692307692,0,0,3.0,-0.06612708452749372,-0.02148962148962147,-0.025538119658119696,-0.0002445537514507174,46.24343336722273,-0.006274297315334143,57.010606519426794
2023.0,31.0,2023-08-04 13:30:00,40.4041633605957,0.253125,0.29934453125,0,0,3.0,0.003273663685756656,-0.02379807692307695,-0.06390623798076922,0.002972345455163807,46.381089305376726,-0.003466848514857664,56.813301593646166
2023.0,32.0,2023-08-11 13:30:00,39.767906188964844,0.2711864406779661,0.3486228813559322,0,0,3.0,-0.015872623305796196,0.018061440677966112,0.049278350105932234,-0.0025630489107571564,46.262364518664576,-0.009043341918417056,56.301835648254894
2023.0,33.0,2023-08-18 13:30:00,39.31972885131836,0.28405797101449276,0.33051884057971015,0,0,3.0,-0.01133381052472604,0.01287153033652666,-0.018104040776222075,-0.00013745423549144922,46.25600599773046,-0.006379271702586472,55.943814113765164
2023.0,34.0,2023-08-25 13:30:00,39.07162857055664,0.23582089552238808,0.2759253731343284,0,0,3.0,-0.0063298077057418745,-0.04823707549210468,-0.05459346744538174,0.0015441161621142707,46.32748581655575,-0.004092016138868797,55.715358863609566
2023.0,35.0,2023-09-01 13:30:00,39.231693267822266,0.27123287671232876,0.3070280821917808,0,0,3.0,0.004088330263825046,0.03541198118994068,0.031102709057452382,-0.001961096242435614,46.236722185396395,-0.007820520822827458,55.28133509750756
2023.0,36.0,2023-09-08 13:30:00,38.43537521362305,0.31739130434782614,0.361029347826087,0,0,3.0,-0.020506656821488,0.04615842763549738,0.054001265634306184,-0.0022496875839447157,46.13282092208579,-0.008129110593044954,54.833768634095726
2023.0,37.0,2023-09-15 13:30:00,39.775909423828125,0.2846153846153846,0.3607432692307692,0,0,3.0,0.034283173125711386,-0.03277591973244154,-0.0002860785953177625,-0.002693394037321404,46.0087342394692,-0.008093205470714217,54.391778648217354
2023.0,38.0,2023-09-22 13:30:00,40.11204528808594,0.20967741935483872,0.28341129032258067,0,0,3.0,0.008415232286798968,-0.07493796526054589,-0.07733197890818855,0.0027945267377088396,46.13748669476926,-0.0023711961707900235,54.26295786100159
2023.0,39.0,2023-09-29 13:30:00,38.899559020996094,0.28695652173913044,0.34995,0,0,3.0,-0.03069375611716918,0.07727910238429173,0.06653870967741932,-0.002044087761872768,46.043273945221145,-0.007344513557926682,53.865882777877104
2023.0,40.0,2023-10-06 13:30:00,39.19968032836914,0.24242424242424243,0.34013939393939396,0,0,4.0,0.007685677535658186,-0.04453227931488801,-0.00981060606060602,-0.002184447961941926,45.94280458428749,0.00356349228749611,54.05817584966865
2023.0,41.0,2023-10-13 13:30:00,36.63865661621094,0.2711864406779661,0.2557118644067797,0,0,4.0,-0.06756471714557266,0.02876219825372367,-0.08442752953261429,0.005755601206964732,46.20799548024463,0.00999975655349182,54.60145625668767
2023.0,42.0,2023-10-20 13:30:00,35.77831268310547,0.2727272727272727,0.3149022727272727,0,0,4.0,-0.023761955862594775,0.0015408320493066063,0.05919040832049305,-0.0029930215402644796,46.06990071782884,0.0009576993232385794,54.653773082288076
2023.0,43.0,2023-10-27 13:30:00,35.682273864746094,0.2740740740740741,0.29907314814814817,0,0,4.0,-0.0026878837921708865,0.001346801346801374,-0.015829124579124554,-0.0004977822810500452,46.04697364438064,0.003953729230641583,54.87028703922357
2023.0,44.0,2023-11-03 13:30:00,37.7310905456543,0.2697674418604651,0.2701837209302326,0,0,4.0,0.05583040242417292,-0.004306632213608996,-0.028889427217915598,0.00048664746570873307,46.0693877408475,0.004866405359932064,55.137958869739684
2023.0,45.0,2023-11-10 14:30:00,42.84113693237305,0.24878048780487808,0.2944390243902439,0,0,4.0,0.12701434676658874,-0.02098695405558701,0.024255303460011313,-0.0028822198577805333,45.93679680656509,0.0020369958439621118,55.25038913391627
2023.0,46.0,2023-11-17 14:30:00,46.09843826293945,0.2628571428571429,0.3312785714285714,0,0,4.0,0.07328028800404729,0.014076655052264825,0.036839547038327536,-0.0023795867966462975,45.82761616532913,0.0021289030255147315,55.368137147083345
2023.0,47.0,2023-11-24 14:30:00,47.00279998779297,0.296551724137931,0.2805758620689655,0,0,4.0,0.019428101874853,0.033694581280788116,-0.05070270935960591,0.002946527447298373,45.962847627972515,0.007722998007701757,55.79740062685452
2023.0,48.0,2023-12-01 14:30:00,48.08723449707031,0.34418604651162793,0.3731639534883721,0,0,4.0,0.02280957267296113,0.04763432237369691,0.0925880914194066,-0.0029756482493270824,45.82628164782254,0.0016570110384358256,55.88993417899557
2023.0,49.0,2023-12-08 14:30:00,49.9799919128418,0.26222222222222225,0.2621311111111111,0,0,4.0,0.03860601678199771,-0.08196382428940568,-0.11103284237726102,0.0054906681766245,46.078590592594125,0.01104059833951089,56.51041141070113
2023.0,50.0,2023-12-15 14:30:00,52.24089431762695,0.2648648648648649,0.3256472972972973,0,0,4.0,0.04424284062600714,0.002642642642642634,0.06351618618618621,-0.0030609144478578464,45.937763608540365,0.0008643279762488047,56.55927605473009
2023.0,51.0,2023-12-22 14:30:00,53.953582763671875,0.2926829268292683,0.34921463414634146,0,0,4.0,0.032258494239440605,0.027818061964403396,0.023567336849044163,-0.0019245881295744424,45.84943735709137,0.0030623246202464505,56.732744390911115
2023.0,52.0,2023-12-29 14:30:00,53.3653450012207,0.265,0.27454625,0,0,4.0,-0.010962533184989631,-0.027682926829268262,-0.07466838414634147,0.0037908376542838615,46.02357498585614,0.00826252516815873,57.203442016942965
2024.0,1.0,2024-01-05 14:30:00,50.36814880371094,0.22380952380952382,0.27300357142857146,0,0,1.0,-0.05780255815844271,-0.041190476190476194,-0.0015426785714285352,-0.0028039944872438626,45.894705893859175,-0.007548463173140827,56.77326955457141
2024.0,2.0,2024-01-12 14:30:00,49.0476188659668,0.3225806451612903,0.41836774193548387,0,0,1.0,-0.026567367324252356,0.0987711213517665,0.14536417050691242,-0.003260869608969732,45.74529298260367,-0.008558474971127942,56.289450278849266
2024.0,3.0,2024-01-19 14:30:00,50.68827438354492,0.3076923076923077,0.28801666666666664,0,0,1.0,0.03290296956610694,-0.014888337468982604,-0.13035107526881723,0.008877552051108774,46.15320716282913,0.001799993223832617,56.39086215088471
2024.0,4.0,2024-01-26 14:30:00,52.06482696533203,0.31627906976744186,0.305753488372093,0,0,1.0,0.02679500517808675,0.008586762075134147,0.017736821705426342,-0.0020887648041260833,46.05690457984633,-0.007982933454366696,55.94248969576107
2024.0,5.0,2024-02-02 14:30:00,55.09403610229492,0.25806451612903225,0.35335806451612906,0,0,1.0,0.05655185805198659,-0.058214553638409605,0.04760457614403607,-0.004298473235597861,45.859355092961046,-0.009108506393256211,55.43525077211558
2024.0,6.0,2024-02-09 14:30:00,55.97038650512695,0.35,0.34034375,0,0,1.0,0.01578126586325901,0.09193548387096773,-0.013014314516129055,0.0005670253866007528,45.88536588520475,-0.003329591496921855,55.25098097432824
2024.0,7.0,2024-02-16 14:30:00,55.750301361083984,0.28292682926829266,0.35269268292682926,0,0,1.0,-0.003939922550507902,-0.06707317073170732,0.01234893292682926,-0.003845171183050668,45.709267579616984,-0.007988281551528928,54.81137875314301
2024.0,8.0,2024-02-23 14:30:00,56.5066032409668,0.3225806451612903,0.3379774193548387,0,0,1.0,0.013474686939386693,0.03965381589299766,-0.014715263571990544,-4.098238457849444e-05,45.70739434321935,-0.005180793118361412,54.528146656250144
2024.0,9.0,2024-03-01 14:30:00,54.47779083251953,0.2744186046511628,0.2817697674418605,0,0,1.0,-0.03656439188979155,-0.04816204051012751,-0.05620765191297822,0.0016839126241415831,45.78442644102906,-0.0035402630785050593,54.33544398225392
2024.0,10.0,2024-03-08 14:30:00,56.69868087768555,0.29411764705882354,0.40105735294117645,0,0,1.0,0.039957834564060324,0.01969904240766074,0.11928758549931595,-0.003895167653306088,45.606435301839745,-0.010732346447671012,53.75541527502193
2024.0,11.0,2024-03-15 13:30:00,56.806724548339844,0.30000000000000004,0.3334193181818182,0,0,1.0,0.0019037631358749252,0.005882352941176505,-0.06763803475935826,0.003992107357368571,45.78886498491101,-0.002591560850756426,53.61628520516876
2024.0,12.0,2024-03-22 13:30:00,58.30732345581055,0.2631578947368421,0.33903684210526314,0,0,1.0,0.026072993549939305,-0.036842105263157954,0.005617523923444945,-0.0029319114203790585,45.654812699476125,-0.007846236758698494,53.19724523054591
2024.0,13.0,2024-03-28 13:30:00,58.25930404663086,0.24,0.21529875,0,0,1.0,-0.0008238963917008846,-0.0231578947368421,-0.12373809210526313,0.00809863507797248,46.026055618461,0.0013356180195489486,53.26834389962872
2024.0,14.0,2024-04-05 13:30:00,58.31932830810547,0.2413793103448276,0.3039405172413793,0,0,2.0,0.0010297644699788222,0.0013793103448276056,0.08864176724137932,-0.0035656677189798017,45.86223423758356,-0.012725479369993171,52.5947735308618
2024.0,15.0,2024-04-12 13:30:00,55.746299743652344,0.22272727272727275,0.30337954545454543,0,0,2.0,-0.045122534457028074,-0.01865203761755485,-0.000560971786833897,-0.002304145293700535,45.75668263621774,-0.009928239506132282,52.0751835971189
2024.0,16.0,2024-04-19 13:30:00,55.5742301940918,0.28627450980392155,0.40372549019607845,0,0,2.0,-0.003091427730262275,0.0635472370766488,0.10034594474153302,-0.0028966051223419612,45.624335366338556,-0.010741774847013504,51.51879733767435
2024.0,17.0,2024-04-26 13:30:00,55.98639678955078,0.2642857142857143,0.3160089285714286,0,0,2.0,0.007389138658284722,-0.02198879551820726,-0.08771656162464986,0.0050526308045032485,45.85544164433452,-0.0035552350713363946,51.3359611080172
2024.0,18.0,2024-05-03 13:30:00,56.1424560546875,0.24912280701754388,0.29449473684210525,0,0,2.0,0.0027835719699966788,-0.015162907268170406,-0.02151419172932334,-0.00042435614693540143,45.835986733999654,-0.00840575254092827,50.90625226573581
2024.0,19.0,2024-05-10 13:30:00,51.760704040527344,0.2571428571428571,0.29322551020408166,0,0,2.0,-0.08126106660473864,0.008020050125313233,-0.0012692266380235906,-0.0016450669194301212,45.760645456216984,-0.009615454826102909,50.41911129101908
2024.0,20.0,2024-05-17 13:30:00,50.256103515625,0.2326530612244898,0.24705510204081635,0,0,2.0,-0.029499249558935237,-0.024489795918367308,-0.046170408163265314,0.001439771022656316,45.82657775984352,-0.0065839711729518005,50.08824372220247
2024.0,21.0,2024-05-24 13:30:00,49.07563018798828,0.26031746031746034,0.3089777777777778,0,0,2.0,-0.023769421156325077,0.027664399092970526,0.06192267573696145,-0.0026695446612335612,45.70440480947097,-0.010898440231823037,49.54532385534903
2024.0,22.0,2024-05-31 13:30:00,48.67546844482422,0.273015873015873,0.3129031746031746,0,0,2.0,-0.00818740626173975,0.012698412698412653,0.003925396825396832,-0.0017620692570764205,45.623941394717114,-0.009653892047500548,49.0693199892236
2024.0,23.0,2024-06-07 13:30:00,48.647457122802734,0.2627450980392157,0.25905098039215685,0,0,2.0,-0.0005756366782359024,-0.010270774976657293,-0.05385219421101778,0.0024640409589515486,45.73649927168248,-0.006054924121426648,48.77310665959932
2024.0,24.0,2024-06-14 13:30:00,47.00680160522461,0.2521739130434783,0.30663840579710144,0,0,2.0,-0.034307232219732864,-0.010571184995737393,0.047587425404944594,-0.0030642993186845878,45.59656346023004,-0.011472546038876553,48.216752449863755
2024.0,25.0,2024-06-21 13:30:00,45.71428680419922,0.24776119402985078,0.2552313432835821,0,0,2.0,-0.027881435664315113,-0.004412719013627525,-0.05140706251351934,0.002406932559638803,45.70644349730199,-0.006246690264445221,47.916496112283816
2024.0,26.0,2024-06-28 13:30:00,46.59463882446289,0.25333333333333335,0.27707333333333334,0,0,2.0,0.019074617247560433,0.005572139303482576,0.021841990049751236,-0.0022116949574333545,45.605466493023926,-0.010482310625313924,47.41684384617959
2024.0,27.0,2024-07-05 13:30:00,47.47098922729492,0.26666666666666666,0.29407666666666665,0,0,3.0,0.018633283517481836,0.013333333333333308,0.017003333333333315,-0.0020061726807866376,45.514065765527604,-0.008214724067715926,47.0289230703481
2024.0,28.0,2024-07-12 13:30:00,47.81112289428711,0.24927536231884057,0.31779347826086957,0,0,3.0,0.007139537615615588,-0.017391304347826098,0.023716811594202913,-0.0027786739216238564,45.387772562991486,-0.008888897240384275,46.61274024931448
2024.0,29.0,2024-07-19 13:30:00,45.746299743652344,0.2222222222222222,0.27776944444444446,0,0,3.0,-0.04414740043056842,-0.027053140096618356,-0.04002403381642511,0.0008484793627860083,45.42629949367546,-0.005203783519048162,46.37080766816478
2024.0,30.0,2024-07-26 13:30:00,40.98439407348633,0.2385964912280702,0.2585789473684211,0,0,3.0,-0.10991954663897197,0.016374269005847986,-0.019190497076023383,5.797634321314535e-06,45.42656285951194,-0.006167572363633079,46.085692494334104
2024.0,31.0,2024-08-02 13:30:00,39.51980972290039,0.22173913043478263,0.3297336956521739,0,0,3.0,-0.0363893037272951,-0.016857360793287562,0.07115474828375284,-0.003683471188787283,45.25954321887336,-0.010370582993832086,45.61022668562309
2024.0,32.0,2024-08-09 13:30:00,41.66066360473633,0.21509433962264152,0.2885320754716981,0,0,3.0,0.05275530660414285,-0.006644790812141116,-0.041201620180475795,0.0014775708418701431,45.326466830262625,-0.005163706199578984,45.37531590242493
2024.0,33.0,2024-08-16 13:30:00,41.07242965698242,0.22153846153846155,0.22100461538461538,0,0,3.0,-0.014220279626274035,0.006444121915820028,-0.06752746008708274,0.003990758080881793,45.50771521271777,-0.0030124390310365947,45.238831208877976
2024.0,34.0,2024-08-23 13:30:00,42.312923431396484,0.30434782608695654,0.4129184782608696,0,0,3.0,0.02975547272168999,0.082809364548495,0.1919138628762542,-0.004392269937145473,45.308271369518785,-0.011048371959866774,44.741766707635875
2024.0,35.0,2024-08-30 13:30:00,44.60184097290039,0.2923076923076923,0.2782969230769231,0,0,3.0,0.05268257772972307,-0.012040133779264217,-0.13462155518394647,0.00931601726092904,45.732336238499336,0.0016714537407633906,44.81661303462913
2024.0,36.0,2024-09-06 13:30:00,44.97399139404297,0.27741935483870966,0.36737016129032257,0,0,3.0,0.008309218067152457,-0.01488833746898266,0.08907323821339946,-0.003979466057716247,45.55070759090874,-0.010934229985342105,44.32924722116232
2024.0,37.0,2024-09-13 13:30:00,42.705081939697266,0.29056603773584905,0.29420094339622643,0,0,3.0,-0.05176642552651467,0.013146682897139383,-0.07316921789409614,0.0045691408719688836,45.75931139788052,-0.0023471353142861806,44.2253224899676
2024.0,38.0,2024-09-20 13:30:00,45.51420593261719,0.2727272727272727,0.31628454545454543,0,0,3.0,0.06370656739213443,-0.01783876500857634,0.022083602058318996,-0.002758635274356859,45.63325210308001,-0.008836919618432418,43.836228597811456
2024.0,39.0,2024-09-27 13:30:00,45.09003448486328,0.22647058823529412,0.26524338235294115,0,0,3.0,-0.009363238292798837,-0.04625668449197859,-0.05104116310160428,0.0012920322821873866,45.69224984322349,-0.004355919073668041,43.64569680534197
2024.0,40.0,2024-10-04 13:30:00,43.150001525878906,0.2605263157894737,0.28638881578947367,0,0,4.0,-0.04397880434175816,0.0340557275541796,0.021145433436532524,-0.0017878166376905187,45.61063345804505,0.0033735960062005327,43.79318840241843
2024.0,41.0,2024-10-11 13:30:00,43.529998779296875,0.28421052631578947,0.37863421052631574,0,0,4.0,0.008767874629768801,0.023684210526315752,0.09224539473684207,-0.003314083632887821,45.45972620196955,0.0007627652996702143,43.82660506981069
2024.0,42.0,2024-10-18 13:30:00,45.43000030517578,0.23636363636363636,0.36167363636363636,0,0,4.0,0.04272235896740195,-0.04784688995215311,-0.016960574162679376,-0.0016596722637741202,45.384340530331755,0.0040931568221287285,44.006361872765716
2024.0,43.0,2024-10-25 13:30:00,45.060001373291016,0.26129032258064516,0.30371129032258065,0,0,4.0,-0.008177721007766259,0.024926686217008803,-0.05796234604105571,0.0034401816843317645,45.540739774039736,0.007921923017582353,44.356361388009525
2024.0,44.0,2024-11-01 13:30:00,45.540000915527344,0.28,0.36536,0,0,4.0,0.010596115258359351,0.018709677419354864,0.06164870967741937,-0.0027932584076175108,45.413710215561366,0.001529693271384954,44.424264938128765
2024.0,45.0,2024-11-08 14:30:00,45.68000030517578,0.25142857142857145,0.38147,0,0,4.0,0.003069491289085846,-0.02857142857142858,0.016109999999999958,-0.002920906432150816,45.28125455675038,0.0023082703276569444,44.52692659055373
2024.0,46.0,2024-11-15 14:30:00,44.869998931884766,0.2787878787878788,0.2842090909090909,0,0,4.0,-0.017891175845257123,0.02735930735930736,-0.09726090909090906,0.00683137411791634,45.59164674262284,0.010884047769016318,45.0142067665698
2024.0,47.0,2024-11-22 14:30:00,42.97999954223633,0.22448979591836735,0.331534693877551,0,0,4.0,-0.04303451561948446,-0.05429808286951146,0.04732560296846011,-0.0041916443732335235,45.40094273400053,0.00139196450324924,45.07690857375166
2024.0,48.0,2024-11-29 14:30:00,44.040000915527344,0.2666666666666667,0.3597904761904762,0,0,4.0,0.024363452079275927,0.04217687074829937,0.028255782312925193,-0.0018084980606110335,45.31890941802123,0.0034585427217747582,45.23307889301056
2024.0,49.0,2024-12-06 14:30:00,46.650001525878906,0.2923076923076923,0.4374692307692308,0,0,4.0,0.05757462735941932,0.025641025641025605,0.07767875457875456,-0.0030038102382886874,45.182984262812695,0.0012913107020138736,45.29152658081081
2024.0,50.0,2024-12-10 21:00:00,46.27000045776367,0.225,0.16711874999999998,0,0,4.0,-0.008179147190216174,-0.06730769230769232,-0.2703504807692308,0.019476137861825903,46.07159960179877,0.022643536780196455,46.32878622309325
